CREATE DATABASE  IF NOT EXISTS `bairways` /*!40100 DEFAULT CHARACTER SET utf8mb4 COLLATE utf8mb4_0900_ai_ci */ /*!80016 DEFAULT ENCRYPTION='N' */;
USE `bairways`;
-- MySQL dump 10.13  Distrib 8.0.26, for Win64 (x86_64)
--
-- Host: 127.0.0.1    Database: bairways
-- ------------------------------------------------------
-- Server version	8.0.26

/*!40101 SET @OLD_CHARACTER_SET_CLIENT=@@CHARACTER_SET_CLIENT */;
/*!40101 SET @OLD_CHARACTER_SET_RESULTS=@@CHARACTER_SET_RESULTS */;
/*!40101 SET @OLD_COLLATION_CONNECTION=@@COLLATION_CONNECTION */;
/*!50503 SET NAMES utf8 */;
/*!40103 SET @OLD_TIME_ZONE=@@TIME_ZONE */;
/*!40103 SET TIME_ZONE='+00:00' */;
/*!40014 SET @OLD_UNIQUE_CHECKS=@@UNIQUE_CHECKS, UNIQUE_CHECKS=0 */;
/*!40014 SET @OLD_FOREIGN_KEY_CHECKS=@@FOREIGN_KEY_CHECKS, FOREIGN_KEY_CHECKS=0 */;
/*!40101 SET @OLD_SQL_MODE=@@SQL_MODE, SQL_MODE='NO_AUTO_VALUE_ON_ZERO' */;
/*!40111 SET @OLD_SQL_NOTES=@@SQL_NOTES, SQL_NOTES=0 */;

--
-- Table structure for table `aircraft`
--

DROP TABLE IF EXISTS `aircraft`;
/*!40101 SET @saved_cs_client     = @@character_set_client */;
/*!50503 SET character_set_client = utf8mb4 */;
CREATE TABLE `aircraft` (
  `aircraftID` int NOT NULL AUTO_INCREMENT,
  `aircraftTypeID` int DEFAULT NULL,
  `EconomySeatCount` int DEFAULT NULL,
  `BusinessSeatCount` int DEFAULT NULL,
  `PlatinumSeatCount` int DEFAULT NULL,
  `status` tinyint DEFAULT NULL,
  PRIMARY KEY (`aircraftID`),
  KEY `aircraftTypeID` (`aircraftTypeID`),
  CONSTRAINT `aircraft_ibfk_1` FOREIGN KEY (`aircraftTypeID`) REFERENCES `aircrafttype` (`aircraftTypeID`)
) ENGINE=InnoDB AUTO_INCREMENT=16 DEFAULT CHARSET=utf8mb4 COLLATE=utf8mb4_0900_ai_ci;
/*!40101 SET character_set_client = @saved_cs_client */;

--
-- Dumping data for table `aircraft`
--

LOCK TABLES `aircraft` WRITE;
/*!40000 ALTER TABLE `aircraft` DISABLE KEYS */;
INSERT INTO `aircraft` VALUES (1,1,162,12,5,1),(2,2,275,14,5,1),(3,3,380,20,10,1),(4,1,162,12,5,1),(5,2,275,14,5,1),(6,3,380,20,10,1),(7,1,162,12,5,1),(8,2,275,14,5,1),(9,3,380,20,10,1),(10,1,162,12,5,1),(11,2,275,14,5,1),(12,3,380,20,10,1),(13,1,162,12,5,1),(14,2,22,22,NULL,0),(15,2,22,22,243,0);
/*!40000 ALTER TABLE `aircraft` ENABLE KEYS */;
UNLOCK TABLES;
/*!50003 SET @saved_cs_client      = @@character_set_client */ ;
/*!50003 SET @saved_cs_results     = @@character_set_results */ ;
/*!50003 SET @saved_col_connection = @@collation_connection */ ;
/*!50003 SET character_set_client  = utf8mb4 */ ;
/*!50003 SET character_set_results = utf8mb4 */ ;
/*!50003 SET collation_connection  = utf8mb4_0900_ai_ci */ ;
/*!50003 SET @saved_sql_mode       = @@sql_mode */ ;
/*!50003 SET sql_mode              = 'STRICT_TRANS_TABLES,NO_ENGINE_SUBSTITUTION' */ ;
DELIMITER ;;
/*!50003 CREATE*/ /*!50017 DEFINER=`root`@`localhost`*/ /*!50003 TRIGGER `aircraft_after_update` AFTER UPDATE ON `aircraft` FOR EACH ROW BEGIN
    IF new.status=0 THEN
        Update flight set status=0 where flight.aircraftID=aircraftID;
    END IF;
    IF new.status=0 THEN
        Update aircraftseat set status=0 where aircraftseat.airCraftID=aircraftID;
    END IF;
    
END */;;
DELIMITER ;
/*!50003 SET sql_mode              = @saved_sql_mode */ ;
/*!50003 SET character_set_client  = @saved_cs_client */ ;
/*!50003 SET character_set_results = @saved_cs_results */ ;
/*!50003 SET collation_connection  = @saved_col_connection */ ;

--
-- Table structure for table `aircraftseat`
--

DROP TABLE IF EXISTS `aircraftseat`;
/*!40101 SET @saved_cs_client     = @@character_set_client */;
/*!50503 SET character_set_client = utf8mb4 */;
CREATE TABLE `aircraftseat` (
  `airCraftseatID` int NOT NULL AUTO_INCREMENT,
  `airCraftID` int DEFAULT NULL,
  `classID` int DEFAULT NULL,
  `xCord` int DEFAULT NULL,
  `yCord` int DEFAULT NULL,
  `seatNumber` int DEFAULT NULL,
  `status` tinyint DEFAULT NULL,
  PRIMARY KEY (`airCraftseatID`),
  KEY `classID` (`classID`),
  KEY `aircraftseat_ibfk_1` (`airCraftID`),
  CONSTRAINT `aircraftseat_ibfk_1` FOREIGN KEY (`airCraftID`) REFERENCES `aircraft` (`aircraftID`),
  CONSTRAINT `aircraftseat_ibfk_2` FOREIGN KEY (`classID`) REFERENCES `class` (`classID`)
) ENGINE=InnoDB AUTO_INCREMENT=2847 DEFAULT CHARSET=utf8mb4 COLLATE=utf8mb4_0900_ai_ci;
/*!40101 SET character_set_client = @saved_cs_client */;

--
-- Dumping data for table `aircraftseat`
--

LOCK TABLES `aircraftseat` WRITE;
/*!40000 ALTER TABLE `aircraftseat` DISABLE KEYS */;
INSERT INTO `aircraftseat` VALUES (1,1,1,3,1,1,0),(2,1,1,4,1,2,0),(3,1,1,5,1,3,0),(4,1,1,6,1,4,0),(5,1,1,7,1,5,0),(6,1,2,3,2,6,0),(7,1,2,4,2,7,0),(8,1,2,5,2,8,0),(9,1,2,6,2,9,0),(10,1,2,7,2,10,0),(11,1,2,2,3,11,0),(12,1,2,3,3,12,0),(13,1,2,4,3,13,0),(14,1,2,5,3,14,0),(15,1,2,6,3,15,0),(16,1,2,7,3,16,0),(17,1,2,8,3,17,0),(18,1,3,1,4,18,0),(19,1,3,2,4,19,0),(20,1,3,3,4,20,0),(21,1,3,4,4,21,0),(22,1,3,5,4,22,0),(23,1,3,6,4,23,0),(24,1,3,7,4,24,0),(25,1,3,8,4,25,0),(26,1,3,9,4,26,0),(27,1,3,1,5,27,0),(28,1,3,2,5,28,0),(29,1,3,3,5,29,0),(30,1,3,4,5,30,0),(31,1,3,5,5,31,0),(32,1,3,6,5,32,0),(33,1,3,7,5,33,0),(34,1,3,8,5,34,0),(35,1,3,9,5,35,0),(36,1,3,1,6,36,0),(37,1,3,2,6,37,0),(38,1,3,3,6,38,0),(39,1,3,4,6,39,0),(40,1,3,5,6,40,0),(41,1,3,6,6,41,0),(42,1,3,7,6,42,0),(43,1,3,8,6,43,0),(44,1,3,9,6,44,0),(45,1,3,1,7,45,0),(46,1,3,2,7,46,0),(47,1,3,3,7,47,0),(48,1,3,4,7,48,0),(49,1,3,5,7,49,0),(50,1,3,6,7,50,0),(51,1,3,7,7,51,0),(52,1,3,8,7,52,0),(53,1,3,9,7,53,0),(54,1,3,1,8,54,0),(55,1,3,2,8,55,0),(56,1,3,3,8,56,0),(57,1,3,4,8,57,0),(58,1,3,5,8,58,0),(59,1,3,6,8,59,0),(60,1,3,7,8,60,0),(61,1,3,8,8,61,0),(62,1,3,9,8,62,0),(63,1,3,1,9,63,0),(64,1,3,2,9,64,0),(65,1,3,3,9,65,0),(66,1,3,4,9,66,0),(67,1,3,5,9,67,0),(68,1,3,6,9,68,0),(69,1,3,7,9,69,0),(70,1,3,8,9,70,0),(71,1,3,9,9,71,0),(72,1,3,1,10,72,0),(73,1,3,2,10,73,0),(74,1,3,3,10,74,0),(75,1,3,4,10,75,0),(76,1,3,5,10,76,0),(77,1,3,6,10,77,0),(78,1,3,7,10,78,0),(79,1,3,8,10,79,0),(80,1,3,9,10,80,0),(81,1,3,1,11,81,0),(82,1,3,2,11,82,0),(83,1,3,3,11,83,0),(84,1,3,4,11,84,0),(85,1,3,5,11,85,0),(86,1,3,6,11,86,0),(87,1,3,7,11,87,0),(88,1,3,8,11,88,0),(89,1,3,9,11,89,0),(90,1,3,1,12,90,0),(91,1,3,2,12,91,0),(92,1,3,3,12,92,0),(93,1,3,4,12,93,0),(94,1,3,5,12,94,0),(95,1,3,6,12,95,0),(96,1,3,7,12,96,0),(97,1,3,8,12,97,0),(98,1,3,9,12,98,0),(99,1,3,1,13,99,0),(100,1,3,2,13,100,0),(101,1,3,3,13,101,0),(102,1,3,4,13,102,0),(103,1,3,5,13,103,0),(104,1,3,6,13,104,0),(105,1,3,7,13,105,0),(106,1,3,8,13,106,0),(107,1,3,9,13,107,0),(108,1,3,1,14,108,0),(109,1,3,2,14,109,0),(110,1,3,3,14,110,0),(111,1,3,4,14,111,0),(112,1,3,5,14,112,0),(113,1,3,6,14,113,0),(114,1,3,7,14,114,0),(115,1,3,8,14,115,0),(116,1,3,9,14,116,0),(117,1,3,1,15,117,0),(118,1,3,2,15,118,0),(119,1,3,3,15,119,0),(120,1,3,4,15,120,0),(121,1,3,5,15,121,0),(122,1,3,6,15,122,0),(123,1,3,7,15,123,0),(124,1,3,8,15,124,0),(125,1,3,9,15,125,0),(126,1,3,1,16,126,0),(127,1,3,2,16,127,0),(128,1,3,3,16,128,0),(129,1,3,4,16,129,0),(130,1,3,5,16,130,0),(131,1,3,6,16,131,0),(132,1,3,7,16,132,0),(133,1,3,8,16,133,0),(134,1,3,9,16,134,0),(135,1,3,1,17,135,0),(136,1,3,2,17,136,0),(137,1,3,3,17,137,0),(138,1,3,4,17,138,0),(139,1,3,5,17,139,0),(140,1,3,6,17,140,0),(141,1,3,7,17,141,0),(142,1,3,8,17,142,0),(143,1,3,9,17,143,0),(144,1,3,1,18,144,0),(145,1,3,2,18,145,0),(146,1,3,3,18,146,0),(147,1,3,4,18,147,0),(148,1,3,5,18,148,0),(149,1,3,6,18,149,0),(150,1,3,7,18,150,0),(151,1,3,8,18,151,0),(152,1,3,9,18,152,0),(153,1,3,1,19,153,0),(154,1,3,2,19,154,0),(155,1,3,3,19,155,0),(156,1,3,4,19,156,0),(157,1,3,5,19,157,0),(158,1,3,6,19,158,0),(159,1,3,7,19,159,0),(160,1,3,8,19,160,0),(161,1,3,9,19,161,0),(162,1,3,1,20,162,0),(163,1,3,2,20,163,0),(164,1,3,3,20,164,0),(165,1,3,4,20,165,0),(166,1,3,5,20,166,0),(167,1,3,6,20,167,0),(168,1,3,7,20,168,0),(169,1,3,8,20,169,0),(170,1,3,9,20,170,0),(171,1,3,1,21,171,0),(172,1,3,2,21,172,0),(173,1,3,3,21,173,0),(174,1,3,4,21,174,0),(175,1,3,5,21,175,0),(176,1,3,6,21,176,0),(177,1,3,7,21,177,0),(178,1,3,8,21,178,0),(179,1,3,9,21,179,0),(180,2,1,3,1,1,0),(181,2,1,4,1,2,0),(182,2,1,5,1,3,0),(183,2,1,6,1,4,0),(184,2,1,7,1,5,0),(185,2,2,2,2,6,0),(186,2,2,3,2,7,0),(187,2,2,4,2,8,0),(188,2,2,5,2,9,0),(189,2,2,6,2,10,0),(190,2,2,7,2,11,0),(191,2,2,8,2,12,0),(192,2,2,2,3,13,0),(193,2,2,3,3,14,0),(194,2,2,4,3,15,0),(195,2,2,5,3,16,0),(196,2,2,6,3,17,0),(197,2,2,7,3,18,0),(198,2,2,8,3,19,0),(199,2,3,1,4,20,0),(200,2,3,2,4,21,0),(201,2,3,3,4,22,0),(202,2,3,4,4,23,0),(203,2,3,5,4,24,0),(204,2,3,6,4,25,0),(205,2,3,7,4,26,0),(206,2,3,8,4,27,0),(207,2,3,9,4,28,0),(208,2,3,1,5,29,0),(209,2,3,2,5,30,0),(210,2,3,3,5,31,0),(211,2,3,4,5,32,0),(212,2,3,5,5,33,0),(213,2,3,6,5,34,0),(214,2,3,7,5,35,0),(215,2,3,8,5,36,0),(216,2,3,9,5,37,0),(217,2,3,1,6,38,0),(218,2,3,2,6,39,0),(219,2,3,3,6,40,0),(220,2,3,4,6,41,0),(221,2,3,5,6,42,0),(222,2,3,6,6,43,0),(223,2,3,7,6,44,0),(224,2,3,8,6,45,0),(225,2,3,9,6,46,0),(226,2,3,1,7,47,0),(227,2,3,2,7,48,0),(228,2,3,3,7,49,0),(229,2,3,4,7,50,0),(230,2,3,5,7,51,0),(231,2,3,6,7,52,0),(232,2,3,7,7,53,0),(233,2,3,8,7,54,0),(234,2,3,9,7,55,0),(235,2,3,1,8,56,0),(236,2,3,2,8,57,0),(237,2,3,3,8,58,0),(238,2,3,4,8,59,0),(239,2,3,5,8,60,0),(240,2,3,6,8,61,0),(241,2,3,7,8,62,0),(242,2,3,8,8,63,0),(243,2,3,9,8,64,0),(244,2,3,1,9,65,0),(245,2,3,2,9,66,0),(246,2,3,3,9,67,0),(247,2,3,4,9,68,0),(248,2,3,5,9,69,0),(249,2,3,6,9,70,0),(250,2,3,7,9,71,0),(251,2,3,8,9,72,0),(252,2,3,9,9,73,0),(253,2,3,1,10,74,0),(254,2,3,2,10,75,0),(255,2,3,3,10,76,0),(256,2,3,4,10,77,0),(257,2,3,5,10,78,0),(258,2,3,6,10,79,0),(259,2,3,7,10,80,0),(260,2,3,8,10,81,0),(261,2,3,9,10,82,0),(262,2,3,1,11,83,0),(263,2,3,2,11,84,0),(264,2,3,3,11,85,0),(265,2,3,4,11,86,0),(266,2,3,5,11,87,0),(267,2,3,6,11,88,0),(268,2,3,7,11,89,0),(269,2,3,8,11,90,0),(270,2,3,9,11,91,0),(271,2,3,1,12,92,0),(272,2,3,2,12,93,0),(273,2,3,3,12,94,0),(274,2,3,4,12,95,0),(275,2,3,5,12,96,0),(276,2,3,6,12,97,0),(277,2,3,7,12,98,0),(278,2,3,8,12,99,0),(279,2,3,9,12,100,0),(280,2,3,1,13,101,0),(281,2,3,2,13,102,0),(282,2,3,3,13,103,0),(283,2,3,4,13,104,0),(284,2,3,5,13,105,0),(285,2,3,6,13,106,0),(286,2,3,7,13,107,0),(287,2,3,8,13,108,0),(288,2,3,9,13,109,0),(289,2,3,1,14,110,0),(290,2,3,2,14,111,0),(291,2,3,3,14,112,0),(292,2,3,4,14,113,0),(293,2,3,5,14,114,0),(294,2,3,6,14,115,0),(295,2,3,7,14,116,0),(296,2,3,8,14,117,0),(297,2,3,9,14,118,0),(298,2,3,1,15,119,0),(299,2,3,2,15,120,0),(300,2,3,3,15,121,0),(301,2,3,4,15,122,0),(302,2,3,5,15,123,0),(303,2,3,6,15,124,0),(304,2,3,7,15,125,0),(305,2,3,8,15,126,0),(306,2,3,9,15,127,0),(307,2,3,1,16,128,0),(308,2,3,2,16,129,0),(309,2,3,3,16,130,0),(310,2,3,4,16,131,0),(311,2,3,5,16,132,0),(312,2,3,6,16,133,0),(313,2,3,7,16,134,0),(314,2,3,8,16,135,0),(315,2,3,9,16,136,0),(316,2,3,1,17,137,0),(317,2,3,2,17,138,0),(318,2,3,3,17,139,0),(319,2,3,4,17,140,0),(320,2,3,5,17,141,0),(321,2,3,6,17,142,0),(322,2,3,7,17,143,0),(323,2,3,8,17,144,0),(324,2,3,9,17,145,0),(325,2,3,1,18,146,0),(326,2,3,2,18,147,0),(327,2,3,3,18,148,0),(328,2,3,4,18,149,0),(329,2,3,5,18,150,0),(330,2,3,6,18,151,0),(331,2,3,7,18,152,0),(332,2,3,8,18,153,0),(333,2,3,9,18,154,0),(334,2,3,1,19,155,0),(335,2,3,2,19,156,0),(336,2,3,3,19,157,0),(337,2,3,4,19,158,0),(338,2,3,5,19,159,0),(339,2,3,6,19,160,0),(340,2,3,7,19,161,0),(341,2,3,8,19,162,0),(342,2,3,9,19,163,0),(343,2,3,1,20,164,0),(344,2,3,2,20,165,0),(345,2,3,3,20,166,0),(346,2,3,4,20,167,0),(347,2,3,5,20,168,0),(348,2,3,6,20,169,0),(349,2,3,7,20,170,0),(350,2,3,8,20,171,0),(351,2,3,9,20,172,0),(352,2,3,1,21,173,0),(353,2,3,2,21,174,0),(354,2,3,3,21,175,0),(355,2,3,4,21,176,0),(356,2,3,5,21,177,0),(357,2,3,6,21,178,0),(358,2,3,7,21,179,0),(359,2,3,8,21,180,0),(360,2,3,9,21,181,0),(361,2,3,1,22,182,0),(362,2,3,2,22,183,0),(363,2,3,3,22,184,0),(364,2,3,4,22,185,0),(365,2,3,5,22,186,0),(366,2,3,6,22,187,0),(367,2,3,7,22,188,0),(368,2,3,8,22,189,0),(369,2,3,9,22,190,0),(370,2,3,1,23,191,0),(371,2,3,2,23,192,0),(372,2,3,3,23,193,0),(373,2,3,4,23,194,0),(374,2,3,5,23,195,0),(375,2,3,6,23,196,0),(376,2,3,7,23,197,0),(377,2,3,8,23,198,0),(378,2,3,9,23,199,0),(379,2,3,1,24,200,0),(380,2,3,2,24,201,0),(381,2,3,3,24,202,0),(382,2,3,4,24,203,0),(383,2,3,5,24,204,0),(384,2,3,6,24,205,0),(385,2,3,7,24,206,0),(386,2,3,8,24,207,0),(387,2,3,9,24,208,0),(388,2,3,1,25,209,0),(389,2,3,2,25,210,0),(390,2,3,3,25,211,0),(391,2,3,4,25,212,0),(392,2,3,5,25,213,0),(393,2,3,6,25,214,0),(394,2,3,7,25,215,0),(395,2,3,8,25,216,0),(396,2,3,9,25,217,0),(397,2,3,1,26,218,0),(398,2,3,2,26,219,0),(399,2,3,3,26,220,0),(400,2,3,4,26,221,0),(401,2,3,5,26,222,0),(402,2,3,6,26,223,0),(403,2,3,7,26,224,0),(404,2,3,8,26,225,0),(405,2,3,9,26,226,0),(406,2,3,1,27,227,0),(407,2,3,2,27,228,0),(408,2,3,3,27,229,0),(409,2,3,4,27,230,0),(410,2,3,5,27,231,0),(411,2,3,6,27,232,0),(412,2,3,7,27,233,0),(413,2,3,8,27,234,0),(414,2,3,9,27,235,0),(415,2,3,1,28,236,0),(416,2,3,2,28,237,0),(417,2,3,3,28,238,0),(418,2,3,4,28,239,0),(419,2,3,5,28,240,0),(420,2,3,6,28,241,0),(421,2,3,7,28,242,0),(422,2,3,8,28,243,0),(423,2,3,9,28,244,0),(424,2,3,1,29,245,0),(425,2,3,2,29,246,0),(426,2,3,3,29,247,0),(427,2,3,4,29,248,0),(428,2,3,5,29,249,0),(429,2,3,6,29,250,0),(430,2,3,7,29,251,0),(431,2,3,8,29,252,0),(432,2,3,9,29,253,0),(433,2,3,1,30,254,0),(434,2,3,2,30,255,0),(435,2,3,3,30,256,0),(436,2,3,4,30,257,0),(437,2,3,5,30,258,0),(438,2,3,6,30,259,0),(439,2,3,7,30,260,0),(440,2,3,8,30,261,0),(441,2,3,9,30,262,0),(442,2,3,1,31,263,0),(443,2,3,2,31,264,0),(444,2,3,3,31,265,0),(445,2,3,4,31,266,0),(446,2,3,5,31,267,0),(447,2,3,6,31,268,0),(448,2,3,7,31,269,0),(449,2,3,8,31,270,0),(450,2,3,9,31,271,0),(451,2,3,1,32,272,0),(452,2,3,2,32,273,0),(453,2,3,3,32,274,0),(454,2,3,4,32,275,0),(455,2,3,5,32,276,0),(456,2,3,6,32,277,0),(457,2,3,7,32,278,0),(458,2,3,8,32,279,0),(459,2,3,9,32,280,0),(460,2,3,1,33,281,0),(461,2,3,2,33,282,0),(462,2,3,3,33,283,0),(463,2,3,4,33,284,0),(464,2,3,5,33,285,0),(465,2,3,6,33,286,0),(466,2,3,7,33,287,0),(467,2,3,8,33,288,0),(468,2,3,9,33,289,0),(469,2,3,3,34,290,0),(470,2,3,4,34,291,0),(471,2,3,5,34,292,0),(472,2,3,6,34,293,0),(473,2,3,7,34,294,0),(474,3,1,1,1,1,0),(475,3,1,2,1,2,0),(476,3,1,3,1,3,0),(477,3,1,4,1,4,0),(478,3,1,5,1,5,0),(479,3,1,6,1,6,0),(480,3,1,7,1,7,0),(481,3,1,8,1,8,0),(482,3,1,9,1,9,0),(483,3,1,10,1,10,0),(484,3,2,1,2,11,0),(485,3,2,2,2,12,0),(486,3,2,3,2,13,0),(487,3,2,4,2,14,0),(488,3,2,5,2,15,0),(489,3,2,6,2,16,0),(490,3,2,7,2,17,0),(491,3,2,8,2,18,0),(492,3,2,9,2,19,0),(493,3,2,10,2,20,0),(494,3,3,1,3,21,0),(495,3,3,2,3,22,0),(496,3,3,3,3,23,0),(497,3,3,4,3,24,0),(498,3,3,5,3,25,0),(499,3,3,6,3,26,0),(500,3,3,7,3,27,0),(501,3,3,8,3,28,0),(502,3,3,9,3,29,0),(503,3,3,10,3,30,0),(504,3,3,1,4,31,0),(505,3,3,2,4,32,0),(506,3,3,3,4,33,0),(507,3,3,4,4,34,0),(508,3,3,5,4,35,0),(509,3,3,6,4,36,0),(510,3,3,7,4,37,0),(511,3,3,8,4,38,0),(512,3,3,9,4,39,0),(513,3,3,10,4,40,0),(514,3,3,1,5,41,0),(515,3,3,2,5,42,0),(516,3,3,3,5,43,0),(517,3,3,4,5,44,0),(518,3,3,5,5,45,0),(519,3,3,6,5,46,0),(520,3,3,7,5,47,0),(521,3,3,8,5,48,0),(522,3,3,9,5,49,0),(523,3,3,10,5,50,0),(524,3,3,1,6,51,0),(525,3,3,2,6,52,0),(526,3,3,3,6,53,0),(527,3,3,4,6,54,0),(528,3,3,5,6,55,0),(529,3,3,6,6,56,0),(530,3,3,7,6,57,0),(531,3,3,8,6,58,0),(532,3,3,9,6,59,0),(533,3,3,10,6,60,0),(534,3,3,1,7,61,0),(535,3,3,2,7,62,0),(536,3,3,3,7,63,0),(537,3,3,4,7,64,0),(538,3,3,5,7,65,0),(539,3,3,6,7,66,0),(540,3,3,7,7,67,0),(541,3,3,8,7,68,0),(542,3,3,9,7,69,0),(543,3,3,10,7,70,0),(544,3,3,1,8,71,0),(545,3,3,2,8,72,0),(546,3,3,3,8,73,0),(547,3,3,4,8,74,0),(548,3,3,5,8,75,0),(549,3,3,6,8,76,0),(550,3,3,7,8,77,0),(551,3,3,8,8,78,0),(552,3,3,9,8,79,0),(553,3,3,10,8,80,0),(554,3,3,1,9,81,0),(555,3,3,2,9,82,0),(556,3,3,3,9,83,0),(557,3,3,4,9,84,0),(558,3,3,5,9,85,0),(559,3,3,6,9,86,0),(560,3,3,7,9,87,0),(561,3,3,8,9,88,0),(562,3,3,9,9,89,0),(563,3,3,10,9,90,0),(564,3,3,1,10,91,0),(565,3,3,2,10,92,0),(566,3,3,3,10,93,0),(567,3,3,4,10,94,0),(568,3,3,5,10,95,0),(569,3,3,6,10,96,0),(570,3,3,7,10,97,0),(571,3,3,8,10,98,0),(572,3,3,9,10,99,0),(573,3,3,10,10,100,0),(574,3,3,1,11,101,0),(575,3,3,2,11,102,0),(576,3,3,3,11,103,0),(577,3,3,4,11,104,0),(578,3,3,5,11,105,0),(579,3,3,6,11,106,0),(580,3,3,7,11,107,0),(581,3,3,8,11,108,0),(582,3,3,9,11,109,0),(583,3,3,10,11,110,0),(584,3,3,1,12,111,0),(585,3,3,2,12,112,0),(586,3,3,3,12,113,0),(587,3,3,4,12,114,0),(588,3,3,5,12,115,0),(589,3,3,6,12,116,0),(590,3,3,7,12,117,0),(591,3,3,8,12,118,0),(592,3,3,9,12,119,0),(593,3,3,10,12,120,0),(594,3,3,1,13,121,0),(595,3,3,2,13,122,0),(596,3,3,3,13,123,0),(597,3,3,4,13,124,0),(598,3,3,5,13,125,0),(599,3,3,6,13,126,0),(600,3,3,7,13,127,0),(601,3,3,8,13,128,0),(602,3,3,9,13,129,0),(603,3,3,10,13,130,0),(604,3,3,1,14,131,0),(605,3,3,2,14,132,0),(606,3,3,3,14,133,0),(607,3,3,4,14,134,0),(608,3,3,5,14,135,0),(609,3,3,6,14,136,0),(610,3,3,7,14,137,0),(611,3,3,8,14,138,0),(612,3,3,9,14,139,0),(613,3,3,10,14,140,0),(614,3,3,1,15,141,0),(615,3,3,2,15,142,0),(616,3,3,3,15,143,0),(617,3,3,4,15,144,0),(618,3,3,5,15,145,0),(619,3,3,6,15,146,0),(620,3,3,7,15,147,0),(621,3,3,8,15,148,0),(622,3,3,9,15,149,0),(623,3,3,10,15,150,0),(624,3,3,1,16,151,0),(625,3,3,2,16,152,0),(626,3,3,3,16,153,0),(627,3,3,4,16,154,0),(628,3,3,5,16,155,0),(629,3,3,6,16,156,0),(630,3,3,7,16,157,0),(631,3,3,8,16,158,0),(632,3,3,9,16,159,0),(633,3,3,10,16,160,0),(634,3,3,1,17,161,0),(635,3,3,2,17,162,0),(636,3,3,3,17,163,0),(637,3,3,4,17,164,0),(638,3,3,5,17,165,0),(639,3,3,6,17,166,0),(640,3,3,7,17,167,0),(641,3,3,8,17,168,0),(642,3,3,9,17,169,0),(643,3,3,10,17,170,0),(644,3,3,1,18,171,0),(645,3,3,2,18,172,0),(646,3,3,3,18,173,0),(647,3,3,4,18,174,0),(648,3,3,5,18,175,0),(649,3,3,6,18,176,0),(650,3,3,7,18,177,0),(651,3,3,8,18,178,0),(652,3,3,9,18,179,0),(653,3,3,10,18,180,0),(654,3,3,1,19,181,0),(655,3,3,2,19,182,0),(656,3,3,3,19,183,0),(657,3,3,4,19,184,0),(658,3,3,5,19,185,0),(659,3,3,6,19,186,0),(660,3,3,7,19,187,0),(661,3,3,8,19,188,0),(662,3,3,9,19,189,0),(663,3,3,10,19,190,0),(664,3,3,1,20,191,0),(665,3,3,2,20,192,0),(666,3,3,3,20,193,0),(667,3,3,4,20,194,0),(668,3,3,5,20,195,0),(669,3,3,6,20,196,0),(670,3,3,7,20,197,0),(671,3,3,8,20,198,0),(672,3,3,9,20,199,0),(673,3,3,10,20,200,0),(674,3,3,1,21,201,0),(675,3,3,2,21,202,0),(676,3,3,3,21,203,0),(677,3,3,4,21,204,0),(678,3,3,5,21,205,0),(679,3,3,6,21,206,0),(680,3,3,7,21,207,0),(681,3,3,8,21,208,0),(682,3,3,9,21,209,0),(683,3,3,10,21,210,0),(684,3,3,1,22,211,0),(685,3,3,2,22,212,0),(686,3,3,3,22,213,0),(687,3,3,4,22,214,0),(688,3,3,5,22,215,0),(689,3,3,6,22,216,0),(690,3,3,7,22,217,0),(691,3,3,8,22,218,0),(692,3,3,9,22,219,0),(693,3,3,10,22,220,0),(694,3,3,1,23,221,0),(695,3,3,2,23,222,0),(696,3,3,3,23,223,0),(697,3,3,4,23,224,0),(698,3,3,5,23,225,0),(699,3,3,6,23,226,0),(700,3,3,7,23,227,0),(701,3,3,8,23,228,0),(702,3,3,9,23,229,0),(703,3,3,10,23,230,0),(704,3,3,1,24,231,0),(705,3,3,2,24,232,0),(706,3,3,3,24,233,0),(707,3,3,4,24,234,0),(708,3,3,5,24,235,0),(709,3,3,6,24,236,0),(710,3,3,7,24,237,0),(711,3,3,8,24,238,0),(712,3,3,9,24,239,0),(713,3,3,10,24,240,0),(714,3,3,1,25,241,0),(715,3,3,2,25,242,0),(716,3,3,3,25,243,0),(717,3,3,4,25,244,0),(718,3,3,5,25,245,0),(719,3,3,6,25,246,0),(720,3,3,7,25,247,0),(721,3,3,8,25,248,0),(722,3,3,9,25,249,0),(723,3,3,10,25,250,0),(724,3,3,1,26,251,0),(725,3,3,2,26,252,0),(726,3,3,3,26,253,0),(727,3,3,4,26,254,0),(728,3,3,5,26,255,0),(729,3,3,6,26,256,0),(730,3,3,7,26,257,0),(731,3,3,8,26,258,0),(732,3,3,9,26,259,0),(733,3,3,10,26,260,0),(734,3,3,1,27,261,0),(735,3,3,2,27,262,0),(736,3,3,3,27,263,0),(737,3,3,4,27,264,0),(738,3,3,5,27,265,0),(739,3,3,6,27,266,0),(740,3,3,7,27,267,0),(741,3,3,8,27,268,0),(742,3,3,9,27,269,0),(743,3,3,10,27,270,0),(744,3,3,1,28,271,0),(745,3,3,2,28,272,0),(746,3,3,3,28,273,0),(747,3,3,4,28,274,0),(748,3,3,5,28,275,0),(749,3,3,6,28,276,0),(750,3,3,7,28,277,0),(751,3,3,8,28,278,0),(752,3,3,9,28,279,0),(753,3,3,10,28,280,0),(754,3,3,1,29,281,0),(755,3,3,2,29,282,0),(756,3,3,3,29,283,0),(757,3,3,4,29,284,0),(758,3,3,5,29,285,0),(759,3,3,6,29,286,0),(760,3,3,7,29,287,0),(761,3,3,8,29,288,0),(762,3,3,9,29,289,0),(763,3,3,10,29,290,0),(764,3,3,1,30,291,0),(765,3,3,2,30,292,0),(766,3,3,3,30,293,0),(767,3,3,4,30,294,0),(768,3,3,5,30,295,0),(769,3,3,6,30,296,0),(770,3,3,7,30,297,0),(771,3,3,8,30,298,0),(772,3,3,9,30,299,0),(773,3,3,10,30,300,0),(774,3,3,1,31,301,0),(775,3,3,2,31,302,0),(776,3,3,3,31,303,0),(777,3,3,4,31,304,0),(778,3,3,5,31,305,0),(779,3,3,6,31,306,0),(780,3,3,7,31,307,0),(781,3,3,8,31,308,0),(782,3,3,9,31,309,0),(783,3,3,10,31,310,0),(784,3,3,1,32,311,0),(785,3,3,2,32,312,0),(786,3,3,3,32,313,0),(787,3,3,4,32,314,0),(788,3,3,5,32,315,0),(789,3,3,6,32,316,0),(790,3,3,7,32,317,0),(791,3,3,8,32,318,0),(792,3,3,9,32,319,0),(793,3,3,10,32,320,0),(794,3,3,1,33,321,0),(795,3,3,2,33,322,0),(796,3,3,3,33,323,0),(797,3,3,4,33,324,0),(798,3,3,5,33,325,0),(799,3,3,6,33,326,0),(800,3,3,7,33,327,0),(801,3,3,8,33,328,0),(802,3,3,9,33,329,0),(803,3,3,10,33,330,0),(804,3,3,1,34,331,0),(805,3,3,2,34,332,0),(806,3,3,3,34,333,0),(807,3,3,4,34,334,0),(808,3,3,5,34,335,0),(809,3,3,6,34,336,0),(810,3,3,7,34,337,0),(811,3,3,8,34,338,0),(812,3,3,9,34,339,0),(813,3,3,10,34,340,0),(814,3,3,1,35,341,0),(815,3,3,2,35,342,0),(816,3,3,3,35,343,0),(817,3,3,4,35,344,0),(818,3,3,5,35,345,0),(819,3,3,6,35,346,0),(820,3,3,7,35,347,0),(821,3,3,8,35,348,0),(822,3,3,9,35,349,0),(823,3,3,10,35,350,0),(824,3,3,1,36,351,0),(825,3,3,2,36,352,0),(826,3,3,3,36,353,0),(827,3,3,4,36,354,0),(828,3,3,5,36,355,0),(829,3,3,6,36,356,0),(830,3,3,7,36,357,0),(831,3,3,8,36,358,0),(832,3,3,9,36,359,0),(833,3,3,10,36,360,0),(834,3,3,1,37,361,0),(835,3,3,2,37,362,0),(836,3,3,3,37,363,0),(837,3,3,4,37,364,0),(838,3,3,5,37,365,0),(839,3,3,6,37,366,0),(840,3,3,7,37,367,0),(841,3,3,8,37,368,0),(842,3,3,9,37,369,0),(843,3,3,10,37,370,0),(844,3,3,1,38,371,0),(845,3,3,2,38,372,0),(846,3,3,3,38,373,0),(847,3,3,4,38,374,0),(848,3,3,5,38,375,0),(849,3,3,6,38,376,0),(850,3,3,7,38,377,0),(851,3,3,8,38,378,0),(852,3,3,9,38,379,0),(853,3,3,10,38,380,0),(854,3,3,1,39,381,0),(855,3,3,2,39,382,0),(856,3,3,3,39,383,0),(857,3,3,4,39,384,0),(858,3,3,5,39,385,0),(859,3,3,6,39,386,0),(860,3,3,7,39,387,0),(861,3,3,8,39,388,0),(862,3,3,9,39,389,0),(863,3,3,10,39,390,0),(864,3,3,1,40,391,0),(865,3,3,2,40,392,0),(866,3,3,3,40,393,0),(867,3,3,4,40,394,0),(868,3,3,5,40,395,0),(869,3,3,6,40,396,0),(870,3,3,7,40,397,0),(871,3,3,8,40,398,0),(872,3,3,9,40,399,0),(873,3,3,10,40,400,0),(874,3,3,1,41,401,0),(875,3,3,2,41,402,0),(876,3,3,3,41,403,0),(877,3,3,4,41,404,0),(878,3,3,5,41,405,0),(879,3,3,6,41,406,0),(880,3,3,7,41,407,0),(881,3,3,8,41,408,0),(882,3,3,9,41,409,0),(883,3,3,10,41,410,0),(884,4,1,3,1,1,0),(885,4,1,4,1,2,0),(886,4,1,5,1,3,0),(887,4,1,6,1,4,0),(888,4,1,7,1,5,0),(889,4,2,3,2,6,0),(890,4,2,4,2,7,0),(891,4,2,5,2,8,0),(892,4,2,6,2,9,0),(893,4,2,7,2,10,0),(894,4,2,2,3,11,0),(895,4,2,3,3,12,0),(896,4,2,4,3,13,0),(897,4,2,5,3,14,0),(898,4,2,6,3,15,0),(899,4,2,7,3,16,0),(900,4,2,8,3,17,0),(901,4,3,1,4,18,0),(902,4,3,2,4,19,0),(903,4,3,3,4,20,0),(904,4,3,4,4,21,0),(905,4,3,5,4,22,0),(906,4,3,6,4,23,0),(907,4,3,7,4,24,0),(908,4,3,8,4,25,0),(909,4,3,9,4,26,0),(910,4,3,1,5,27,0),(911,4,3,2,5,28,0),(912,4,3,3,5,29,0),(913,4,3,4,5,30,0),(914,4,3,5,5,31,0),(915,4,3,6,5,32,0),(916,4,3,7,5,33,0),(917,4,3,8,5,34,0),(918,4,3,9,5,35,0),(919,4,3,1,6,36,0),(920,4,3,2,6,37,0),(921,4,3,3,6,38,0),(922,4,3,4,6,39,0),(923,4,3,5,6,40,0),(924,4,3,6,6,41,0),(925,4,3,7,6,42,0),(926,4,3,8,6,43,0),(927,4,3,9,6,44,0),(928,4,3,1,7,45,0),(929,4,3,2,7,46,0),(930,4,3,3,7,47,0),(931,4,3,4,7,48,0),(932,4,3,5,7,49,0),(933,4,3,6,7,50,0),(934,4,3,7,7,51,0),(935,4,3,8,7,52,0),(936,4,3,9,7,53,0),(937,4,3,1,8,54,0),(938,4,3,2,8,55,0),(939,4,3,3,8,56,0),(940,4,3,4,8,57,0),(941,4,3,5,8,58,0),(942,4,3,6,8,59,0),(943,4,3,7,8,60,0),(944,4,3,8,8,61,0),(945,4,3,9,8,62,0),(946,4,3,1,9,63,0),(947,4,3,2,9,64,0),(948,4,3,3,9,65,0),(949,4,3,4,9,66,0),(950,4,3,5,9,67,0),(951,4,3,6,9,68,0),(952,4,3,7,9,69,0),(953,4,3,8,9,70,0),(954,4,3,9,9,71,0),(955,4,3,1,10,72,0),(956,4,3,2,10,73,0),(957,4,3,3,10,74,0),(958,4,3,4,10,75,0),(959,4,3,5,10,76,0),(960,4,3,6,10,77,0),(961,4,3,7,10,78,0),(962,4,3,8,10,79,0),(963,4,3,9,10,80,0),(964,4,3,1,11,81,0),(965,4,3,2,11,82,0),(966,4,3,3,11,83,0),(967,4,3,4,11,84,0),(968,4,3,5,11,85,0),(969,4,3,6,11,86,0),(970,4,3,7,11,87,0),(971,4,3,8,11,88,0),(972,4,3,9,11,89,0),(973,4,3,1,12,90,0),(974,4,3,2,12,91,0),(975,4,3,3,12,92,0),(976,4,3,4,12,93,0),(977,4,3,5,12,94,0),(978,4,3,6,12,95,0),(979,4,3,7,12,96,0),(980,4,3,8,12,97,0),(981,4,3,9,12,98,0),(982,4,3,1,13,99,0),(983,4,3,2,13,100,0),(984,4,3,3,13,101,0),(985,4,3,4,13,102,0),(986,4,3,5,13,103,0),(987,4,3,6,13,104,0),(988,4,3,7,13,105,0),(989,4,3,8,13,106,0),(990,4,3,9,13,107,0),(991,4,3,1,14,108,0),(992,4,3,2,14,109,0),(993,4,3,3,14,110,0),(994,4,3,4,14,111,0),(995,4,3,5,14,112,0),(996,4,3,6,14,113,0),(997,4,3,7,14,114,0),(998,4,3,8,14,115,0),(999,4,3,9,14,116,0),(1000,4,3,1,15,117,0),(1001,4,3,2,15,118,0),(1002,4,3,3,15,119,0),(1003,4,3,4,15,120,0),(1004,4,3,5,15,121,0),(1005,4,3,6,15,122,0),(1006,4,3,7,15,123,0),(1007,4,3,8,15,124,0),(1008,4,3,9,15,125,0),(1009,4,3,1,16,126,0),(1010,4,3,2,16,127,0),(1011,4,3,3,16,128,0),(1012,4,3,4,16,129,0),(1013,4,3,5,16,130,0),(1014,4,3,6,16,131,0),(1015,4,3,7,16,132,0),(1016,4,3,8,16,133,0),(1017,4,3,9,16,134,0),(1018,4,3,1,17,135,0),(1019,4,3,2,17,136,0),(1020,4,3,3,17,137,0),(1021,4,3,4,17,138,0),(1022,4,3,5,17,139,0),(1023,4,3,6,17,140,0),(1024,4,3,7,17,141,0),(1025,4,3,8,17,142,0),(1026,4,3,9,17,143,0),(1027,4,3,1,18,144,0),(1028,4,3,2,18,145,0),(1029,4,3,3,18,146,0),(1030,4,3,4,18,147,0),(1031,4,3,5,18,148,0),(1032,4,3,6,18,149,0),(1033,4,3,7,18,150,0),(1034,4,3,8,18,151,0),(1035,4,3,9,18,152,0),(1036,4,3,1,19,153,0),(1037,4,3,2,19,154,0),(1038,4,3,3,19,155,0),(1039,4,3,4,19,156,0),(1040,4,3,5,19,157,0),(1041,4,3,6,19,158,0),(1042,4,3,7,19,159,0),(1043,4,3,8,19,160,0),(1044,4,3,9,19,161,0),(1045,4,3,1,20,162,0),(1046,4,3,2,20,163,0),(1047,4,3,3,20,164,0),(1048,4,3,4,20,165,0),(1049,4,3,5,20,166,0),(1050,4,3,6,20,167,0),(1051,4,3,7,20,168,0),(1052,4,3,8,20,169,0),(1053,4,3,9,20,170,0),(1054,4,3,1,21,171,0),(1055,4,3,2,21,172,0),(1056,4,3,3,21,173,0),(1057,4,3,4,21,174,0),(1058,4,3,5,21,175,0),(1059,4,3,6,21,176,0),(1060,4,3,7,21,177,0),(1061,4,3,8,21,178,0),(1062,4,3,9,21,179,0),(1063,5,1,3,1,1,0),(1064,5,1,4,1,2,0),(1065,5,1,5,1,3,0),(1066,5,1,6,1,4,0),(1067,5,1,7,1,5,0),(1068,5,2,2,2,6,0),(1069,5,2,3,2,7,0),(1070,5,2,4,2,8,0),(1071,5,2,5,2,9,0),(1072,5,2,6,2,10,0),(1073,5,2,7,2,11,0),(1074,5,2,8,2,12,0),(1075,5,2,2,3,13,0),(1076,5,2,3,3,14,0),(1077,5,2,4,3,15,0),(1078,5,2,5,3,16,0),(1079,5,2,6,3,17,0),(1080,5,2,7,3,18,0),(1081,5,2,8,3,19,0),(1082,5,3,1,4,20,0),(1083,5,3,2,4,21,0),(1084,5,3,3,4,22,0),(1085,5,3,4,4,23,0),(1086,5,3,5,4,24,0),(1087,5,3,6,4,25,0),(1088,5,3,7,4,26,0),(1089,5,3,8,4,27,0),(1090,5,3,9,4,28,0),(1091,5,3,1,5,29,0),(1092,5,3,2,5,30,0),(1093,5,3,3,5,31,0),(1094,5,3,4,5,32,0),(1095,5,3,5,5,33,0),(1096,5,3,6,5,34,0),(1097,5,3,7,5,35,0),(1098,5,3,8,5,36,0),(1099,5,3,9,5,37,0),(1100,5,3,1,6,38,0),(1101,5,3,2,6,39,0),(1102,5,3,3,6,40,0),(1103,5,3,4,6,41,0),(1104,5,3,5,6,42,0),(1105,5,3,6,6,43,0),(1106,5,3,7,6,44,0),(1107,5,3,8,6,45,0),(1108,5,3,9,6,46,0),(1109,5,3,1,7,47,0),(1110,5,3,2,7,48,0),(1111,5,3,3,7,49,0),(1112,5,3,4,7,50,0),(1113,5,3,5,7,51,0),(1114,5,3,6,7,52,0),(1115,5,3,7,7,53,0),(1116,5,3,8,7,54,0),(1117,5,3,9,7,55,0),(1118,5,3,1,8,56,0),(1119,5,3,2,8,57,0),(1120,5,3,3,8,58,0),(1121,5,3,4,8,59,0),(1122,5,3,5,8,60,0),(1123,5,3,6,8,61,0),(1124,5,3,7,8,62,0),(1125,5,3,8,8,63,0),(1126,5,3,9,8,64,0),(1127,5,3,1,9,65,0),(1128,5,3,2,9,66,0),(1129,5,3,3,9,67,0),(1130,5,3,4,9,68,0),(1131,5,3,5,9,69,0),(1132,5,3,6,9,70,0),(1133,5,3,7,9,71,0),(1134,5,3,8,9,72,0),(1135,5,3,9,9,73,0),(1136,5,3,1,10,74,0),(1137,5,3,2,10,75,0),(1138,5,3,3,10,76,0),(1139,5,3,4,10,77,0),(1140,5,3,5,10,78,0),(1141,5,3,6,10,79,0),(1142,5,3,7,10,80,0),(1143,5,3,8,10,81,0),(1144,5,3,9,10,82,0),(1145,5,3,1,11,83,0),(1146,5,3,2,11,84,0),(1147,5,3,3,11,85,0),(1148,5,3,4,11,86,0),(1149,5,3,5,11,87,0),(1150,5,3,6,11,88,0),(1151,5,3,7,11,89,0),(1152,5,3,8,11,90,0),(1153,5,3,9,11,91,0),(1154,5,3,1,12,92,0),(1155,5,3,2,12,93,0),(1156,5,3,3,12,94,0),(1157,5,3,4,12,95,0),(1158,5,3,5,12,96,0),(1159,5,3,6,12,97,0),(1160,5,3,7,12,98,0),(1161,5,3,8,12,99,0),(1162,5,3,9,12,100,0),(1163,5,3,1,13,101,0),(1164,5,3,2,13,102,0),(1165,5,3,3,13,103,0),(1166,5,3,4,13,104,0),(1167,5,3,5,13,105,0),(1168,5,3,6,13,106,0),(1169,5,3,7,13,107,0),(1170,5,3,8,13,108,0),(1171,5,3,9,13,109,0),(1172,5,3,1,14,110,0),(1173,5,3,2,14,111,0),(1174,5,3,3,14,112,0),(1175,5,3,4,14,113,0),(1176,5,3,5,14,114,0),(1177,5,3,6,14,115,0),(1178,5,3,7,14,116,0),(1179,5,3,8,14,117,0),(1180,5,3,9,14,118,0),(1181,5,3,1,15,119,0),(1182,5,3,2,15,120,0),(1183,5,3,3,15,121,0),(1184,5,3,4,15,122,0),(1185,5,3,5,15,123,0),(1186,5,3,6,15,124,0),(1187,5,3,7,15,125,0),(1188,5,3,8,15,126,0),(1189,5,3,9,15,127,0),(1190,5,3,1,16,128,0),(1191,5,3,2,16,129,0),(1192,5,3,3,16,130,0),(1193,5,3,4,16,131,0),(1194,5,3,5,16,132,0),(1195,5,3,6,16,133,0),(1196,5,3,7,16,134,0),(1197,5,3,8,16,135,0),(1198,5,3,9,16,136,0),(1199,5,3,1,17,137,0),(1200,5,3,2,17,138,0),(1201,5,3,3,17,139,0),(1202,5,3,4,17,140,0),(1203,5,3,5,17,141,0),(1204,5,3,6,17,142,0),(1205,5,3,7,17,143,0),(1206,5,3,8,17,144,0),(1207,5,3,9,17,145,0),(1208,5,3,1,18,146,0),(1209,5,3,2,18,147,0),(1210,5,3,3,18,148,0),(1211,5,3,4,18,149,0),(1212,5,3,5,18,150,0),(1213,5,3,6,18,151,0),(1214,5,3,7,18,152,0),(1215,5,3,8,18,153,0),(1216,5,3,9,18,154,0),(1217,5,3,1,19,155,0),(1218,5,3,2,19,156,0),(1219,5,3,3,19,157,0),(1220,5,3,4,19,158,0),(1221,5,3,5,19,159,0),(1222,5,3,6,19,160,0),(1223,5,3,7,19,161,0),(1224,5,3,8,19,162,0),(1225,5,3,9,19,163,0),(1226,5,3,1,20,164,0),(1227,5,3,2,20,165,0),(1228,5,3,3,20,166,0),(1229,5,3,4,20,167,0),(1230,5,3,5,20,168,0),(1231,5,3,6,20,169,0),(1232,5,3,7,20,170,0),(1233,5,3,8,20,171,0),(1234,5,3,9,20,172,0),(1235,5,3,1,21,173,0),(1236,5,3,2,21,174,0),(1237,5,3,3,21,175,0),(1238,5,3,4,21,176,0),(1239,5,3,5,21,177,0),(1240,5,3,6,21,178,0),(1241,5,3,7,21,179,0),(1242,5,3,8,21,180,0),(1243,5,3,9,21,181,0),(1244,5,3,1,22,182,0),(1245,5,3,2,22,183,0),(1246,5,3,3,22,184,0),(1247,5,3,4,22,185,0),(1248,5,3,5,22,186,0),(1249,5,3,6,22,187,0),(1250,5,3,7,22,188,0),(1251,5,3,8,22,189,0),(1252,5,3,9,22,190,0),(1253,5,3,1,23,191,0),(1254,5,3,2,23,192,0),(1255,5,3,3,23,193,0),(1256,5,3,4,23,194,0),(1257,5,3,5,23,195,0),(1258,5,3,6,23,196,0),(1259,5,3,7,23,197,0),(1260,5,3,8,23,198,0),(1261,5,3,9,23,199,0),(1262,5,3,1,24,200,0),(1263,5,3,2,24,201,0),(1264,5,3,3,24,202,0),(1265,5,3,4,24,203,0),(1266,5,3,5,24,204,0),(1267,5,3,6,24,205,0),(1268,5,3,7,24,206,0),(1269,5,3,8,24,207,0),(1270,5,3,9,24,208,0),(1271,5,3,1,25,209,0),(1272,5,3,2,25,210,0),(1273,5,3,3,25,211,0),(1274,5,3,4,25,212,0),(1275,5,3,5,25,213,0),(1276,5,3,6,25,214,0),(1277,5,3,7,25,215,0),(1278,5,3,8,25,216,0),(1279,5,3,9,25,217,0),(1280,5,3,1,26,218,0),(1281,5,3,2,26,219,0),(1282,5,3,3,26,220,0),(1283,5,3,4,26,221,0),(1284,5,3,5,26,222,0),(1285,5,3,6,26,223,0),(1286,5,3,7,26,224,0),(1287,5,3,8,26,225,0),(1288,5,3,9,26,226,0),(1289,5,3,1,27,227,0),(1290,5,3,2,27,228,0),(1291,5,3,3,27,229,0),(1292,5,3,4,27,230,0),(1293,5,3,5,27,231,0),(1294,5,3,6,27,232,0),(1295,5,3,7,27,233,0),(1296,5,3,8,27,234,0),(1297,5,3,9,27,235,0),(1298,5,3,1,28,236,0),(1299,5,3,2,28,237,0),(1300,5,3,3,28,238,0),(1301,5,3,4,28,239,0),(1302,5,3,5,28,240,0),(1303,5,3,6,28,241,0),(1304,5,3,7,28,242,0),(1305,5,3,8,28,243,0),(1306,5,3,9,28,244,0),(1307,5,3,1,29,245,0),(1308,5,3,2,29,246,0),(1309,5,3,3,29,247,0),(1310,5,3,4,29,248,0),(1311,5,3,5,29,249,0),(1312,5,3,6,29,250,0),(1313,5,3,7,29,251,0),(1314,5,3,8,29,252,0),(1315,5,3,9,29,253,0),(1316,5,3,1,30,254,0),(1317,5,3,2,30,255,0),(1318,5,3,3,30,256,0),(1319,5,3,4,30,257,0),(1320,5,3,5,30,258,0),(1321,5,3,6,30,259,0),(1322,5,3,7,30,260,0),(1323,5,3,8,30,261,0),(1324,5,3,9,30,262,0),(1325,5,3,1,31,263,0),(1326,5,3,2,31,264,0),(1327,5,3,3,31,265,0),(1328,5,3,4,31,266,0),(1329,5,3,5,31,267,0),(1330,5,3,6,31,268,0),(1331,5,3,7,31,269,0),(1332,5,3,8,31,270,0),(1333,5,3,9,31,271,0),(1334,5,3,1,32,272,0),(1335,5,3,2,32,273,0),(1336,5,3,3,32,274,0),(1337,5,3,4,32,275,0),(1338,5,3,5,32,276,0),(1339,5,3,6,32,277,0),(1340,5,3,7,32,278,0),(1341,5,3,8,32,279,0),(1342,5,3,9,32,280,0),(1343,5,3,1,33,281,0),(1344,5,3,2,33,282,0),(1345,5,3,3,33,283,0),(1346,5,3,4,33,284,0),(1347,5,3,5,33,285,0),(1348,5,3,6,33,286,0),(1349,5,3,7,33,287,0),(1350,5,3,8,33,288,0),(1351,5,3,9,33,289,0),(1352,5,3,3,34,290,0),(1353,5,3,4,34,291,0),(1354,5,3,5,34,292,0),(1355,5,3,6,34,293,0),(1356,5,3,7,34,294,0),(1357,6,1,1,1,1,0),(1358,6,1,2,1,2,0),(1359,6,1,3,1,3,0),(1360,6,1,4,1,4,0),(1361,6,1,5,1,5,0),(1362,6,1,6,1,6,0),(1363,6,1,7,1,7,0),(1364,6,1,8,1,8,0),(1365,6,1,9,1,9,0),(1366,6,1,10,1,10,0),(1367,6,2,1,2,11,0),(1368,6,2,2,2,12,0),(1369,6,2,3,2,13,0),(1370,6,2,4,2,14,0),(1371,6,2,5,2,15,0),(1372,6,2,6,2,16,0),(1373,6,2,7,2,17,0),(1374,6,2,8,2,18,0),(1375,6,2,9,2,19,0),(1376,6,2,10,2,20,0),(1377,6,2,1,3,21,0),(1378,6,2,2,3,22,0),(1379,6,2,3,3,23,0),(1380,6,2,4,3,24,0),(1381,6,2,5,3,25,0),(1382,6,2,6,3,26,0),(1383,6,2,7,3,27,0),(1384,6,2,8,3,28,0),(1385,6,2,9,3,29,0),(1386,6,2,10,3,30,0),(1387,6,3,1,4,31,0),(1388,6,3,2,4,32,0),(1389,6,3,3,4,33,0),(1390,6,3,4,4,34,0),(1391,6,3,5,4,35,0),(1392,6,3,6,4,36,0),(1393,6,3,7,4,37,0),(1394,6,3,8,4,38,0),(1395,6,3,9,4,39,0),(1396,6,3,10,4,40,0),(1397,6,3,1,5,41,0),(1398,6,3,2,5,42,0),(1399,6,3,3,5,43,0),(1400,6,3,4,5,44,0),(1401,6,3,5,5,45,0),(1402,6,3,6,5,46,0),(1403,6,3,7,5,47,0),(1404,6,3,8,5,48,0),(1405,6,3,9,5,49,0),(1406,6,3,10,5,50,0),(1407,6,3,1,6,51,0),(1408,6,3,2,6,52,0),(1409,6,3,3,6,53,0),(1410,6,3,4,6,54,0),(1411,6,3,5,6,55,0),(1412,6,3,6,6,56,0),(1413,6,3,7,6,57,0),(1414,6,3,8,6,58,0),(1415,6,3,9,6,59,0),(1416,6,3,10,6,60,0),(1417,6,3,1,7,61,0),(1418,6,3,2,7,62,0),(1419,6,3,3,7,63,0),(1420,6,3,4,7,64,0),(1421,6,3,5,7,65,0),(1422,6,3,6,7,66,0),(1423,6,3,7,7,67,0),(1424,6,3,8,7,68,0),(1425,6,3,9,7,69,0),(1426,6,3,10,7,70,0),(1427,6,3,1,8,71,0),(1428,6,3,2,8,72,0),(1429,6,3,3,8,73,0),(1430,6,3,4,8,74,0),(1431,6,3,5,8,75,0),(1432,6,3,6,8,76,0),(1433,6,3,7,8,77,0),(1434,6,3,8,8,78,0),(1435,6,3,9,8,79,0),(1436,6,3,10,8,80,0),(1437,6,3,1,9,81,0),(1438,6,3,2,9,82,0),(1439,6,3,3,9,83,0),(1440,6,3,4,9,84,0),(1441,6,3,5,9,85,0),(1442,6,3,6,9,86,0),(1443,6,3,7,9,87,0),(1444,6,3,8,9,88,0),(1445,6,3,9,9,89,0),(1446,6,3,10,9,90,0),(1447,6,3,1,10,91,0),(1448,6,3,2,10,92,0),(1449,6,3,3,10,93,0),(1450,6,3,4,10,94,0),(1451,6,3,5,10,95,0),(1452,6,3,6,10,96,0),(1453,6,3,7,10,97,0),(1454,6,3,8,10,98,0),(1455,6,3,9,10,99,0),(1456,6,3,10,10,100,0),(1457,6,3,1,11,101,0),(1458,6,3,2,11,102,0),(1459,6,3,3,11,103,0),(1460,6,3,4,11,104,0),(1461,6,3,5,11,105,0),(1462,6,3,6,11,106,0),(1463,6,3,7,11,107,0),(1464,6,3,8,11,108,0),(1465,6,3,9,11,109,0),(1466,6,3,10,11,110,0),(1467,6,3,1,12,111,0),(1468,6,3,2,12,112,0),(1469,6,3,3,12,113,0),(1470,6,3,4,12,114,0),(1471,6,3,5,12,115,0),(1472,6,3,6,12,116,0),(1473,6,3,7,12,117,0),(1474,6,3,8,12,118,0),(1475,6,3,9,12,119,0),(1476,6,3,10,12,120,0),(1477,6,3,1,13,121,0),(1478,6,3,2,13,122,0),(1479,6,3,3,13,123,0),(1480,6,3,4,13,124,0),(1481,6,3,5,13,125,0),(1482,6,3,6,13,126,0),(1483,6,3,7,13,127,0),(1484,6,3,8,13,128,0),(1485,6,3,9,13,129,0),(1486,6,3,10,13,130,0),(1487,6,3,1,14,131,0),(1488,6,3,2,14,132,0),(1489,6,3,3,14,133,0),(1490,6,3,4,14,134,0),(1491,6,3,5,14,135,0),(1492,6,3,6,14,136,0),(1493,6,3,7,14,137,0),(1494,6,3,8,14,138,0),(1495,6,3,9,14,139,0),(1496,6,3,10,14,140,0),(1497,6,3,1,15,141,0),(1498,6,3,2,15,142,0),(1499,6,3,3,15,143,0),(1500,6,3,4,15,144,0),(1501,6,3,5,15,145,0),(1502,6,3,6,15,146,0),(1503,6,3,7,15,147,0),(1504,6,3,8,15,148,0),(1505,6,3,9,15,149,0),(1506,6,3,10,15,150,0),(1507,6,3,1,16,151,0),(1508,6,3,2,16,152,0),(1509,6,3,3,16,153,0),(1510,6,3,4,16,154,0),(1511,6,3,5,16,155,0),(1512,6,3,6,16,156,0),(1513,6,3,7,16,157,0),(1514,6,3,8,16,158,0),(1515,6,3,9,16,159,0),(1516,6,3,10,16,160,0),(1517,6,3,1,17,161,0),(1518,6,3,2,17,162,0),(1519,6,3,3,17,163,0),(1520,6,3,4,17,164,0),(1521,6,3,5,17,165,0),(1522,6,3,6,17,166,0),(1523,6,3,7,17,167,0),(1524,6,3,8,17,168,0),(1525,6,3,9,17,169,0),(1526,6,3,10,17,170,0),(1527,6,3,1,18,171,0),(1528,6,3,2,18,172,0),(1529,6,3,3,18,173,0),(1530,6,3,4,18,174,0),(1531,6,3,5,18,175,0),(1532,6,3,6,18,176,0),(1533,6,3,7,18,177,0),(1534,6,3,8,18,178,0),(1535,6,3,9,18,179,0),(1536,6,3,10,18,180,0),(1537,6,3,1,19,181,0),(1538,6,3,2,19,182,0),(1539,6,3,3,19,183,0),(1540,6,3,4,19,184,0),(1541,6,3,5,19,185,0),(1542,6,3,6,19,186,0),(1543,6,3,7,19,187,0),(1544,6,3,8,19,188,0),(1545,6,3,9,19,189,0),(1546,6,3,10,19,190,0),(1547,6,3,1,20,191,0),(1548,6,3,2,20,192,0),(1549,6,3,3,20,193,0),(1550,6,3,4,20,194,0),(1551,6,3,5,20,195,0),(1552,6,3,6,20,196,0),(1553,6,3,7,20,197,0),(1554,6,3,8,20,198,0),(1555,6,3,9,20,199,0),(1556,6,3,10,20,200,0),(1557,6,3,1,21,201,0),(1558,6,3,2,21,202,0),(1559,6,3,3,21,203,0),(1560,6,3,4,21,204,0),(1561,6,3,5,21,205,0),(1562,6,3,6,21,206,0),(1563,6,3,7,21,207,0),(1564,6,3,8,21,208,0),(1565,6,3,9,21,209,0),(1566,6,3,10,21,210,0),(1567,6,3,1,22,211,0),(1568,6,3,2,22,212,0),(1569,6,3,3,22,213,0),(1570,6,3,4,22,214,0),(1571,6,3,5,22,215,0),(1572,6,3,6,22,216,0),(1573,6,3,7,22,217,0),(1574,6,3,8,22,218,0),(1575,6,3,9,22,219,0),(1576,6,3,10,22,220,0),(1577,6,3,1,23,221,0),(1578,6,3,2,23,222,0),(1579,6,3,3,23,223,0),(1580,6,3,4,23,224,0),(1581,6,3,5,23,225,0),(1582,6,3,6,23,226,0),(1583,6,3,7,23,227,0),(1584,6,3,8,23,228,0),(1585,6,3,9,23,229,0),(1586,6,3,10,23,230,0),(1587,6,3,1,24,231,0),(1588,6,3,2,24,232,0),(1589,6,3,3,24,233,0),(1590,6,3,4,24,234,0),(1591,6,3,5,24,235,0),(1592,6,3,6,24,236,0),(1593,6,3,7,24,237,0),(1594,6,3,8,24,238,0),(1595,6,3,9,24,239,0),(1596,6,3,10,24,240,0),(1597,6,3,1,25,241,0),(1598,6,3,2,25,242,0),(1599,6,3,3,25,243,0),(1600,6,3,4,25,244,0),(1601,6,3,5,25,245,0),(1602,6,3,6,25,246,0),(1603,6,3,7,25,247,0),(1604,6,3,8,25,248,0),(1605,6,3,9,25,249,0),(1606,6,3,10,25,250,0),(1607,6,3,1,26,251,0),(1608,6,3,2,26,252,0),(1609,6,3,3,26,253,0),(1610,6,3,4,26,254,0),(1611,6,3,5,26,255,0),(1612,6,3,6,26,256,0),(1613,6,3,7,26,257,0),(1614,6,3,8,26,258,0),(1615,6,3,9,26,259,0),(1616,6,3,10,26,260,0),(1617,6,3,1,27,261,0),(1618,6,3,2,27,262,0),(1619,6,3,3,27,263,0),(1620,6,3,4,27,264,0),(1621,6,3,5,27,265,0),(1622,6,3,6,27,266,0),(1623,6,3,7,27,267,0),(1624,6,3,8,27,268,0),(1625,6,3,9,27,269,0),(1626,6,3,10,27,270,0),(1627,6,3,1,28,271,0),(1628,6,3,2,28,272,0),(1629,6,3,3,28,273,0),(1630,6,3,4,28,274,0),(1631,6,3,5,28,275,0),(1632,6,3,6,28,276,0),(1633,6,3,7,28,277,0),(1634,6,3,8,28,278,0),(1635,6,3,9,28,279,0),(1636,6,3,10,28,280,0),(1637,6,3,1,29,281,0),(1638,6,3,2,29,282,0),(1639,6,3,3,29,283,0),(1640,6,3,4,29,284,0),(1641,6,3,5,29,285,0),(1642,6,3,6,29,286,0),(1643,6,3,7,29,287,0),(1644,6,3,8,29,288,0),(1645,6,3,9,29,289,0),(1646,6,3,10,29,290,0),(1647,6,3,1,30,291,0),(1648,6,3,2,30,292,0),(1649,6,3,3,30,293,0),(1650,6,3,4,30,294,0),(1651,6,3,5,30,295,0),(1652,6,3,6,30,296,0),(1653,6,3,7,30,297,0),(1654,6,3,8,30,298,0),(1655,6,3,9,30,299,0),(1656,6,3,10,30,300,0),(1657,6,3,1,31,301,0),(1658,6,3,2,31,302,0),(1659,6,3,3,31,303,0),(1660,6,3,4,31,304,0),(1661,6,3,5,31,305,0),(1662,6,3,6,31,306,0),(1663,6,3,7,31,307,0),(1664,6,3,8,31,308,0),(1665,6,3,9,31,309,0),(1666,6,3,10,31,310,0),(1667,6,3,1,32,311,0),(1668,6,3,2,32,312,0),(1669,6,3,3,32,313,0),(1670,6,3,4,32,314,0),(1671,6,3,5,32,315,0),(1672,6,3,6,32,316,0),(1673,6,3,7,32,317,0),(1674,6,3,8,32,318,0),(1675,6,3,9,32,319,0),(1676,6,3,10,32,320,0),(1677,6,3,1,33,321,0),(1678,6,3,2,33,322,0),(1679,6,3,3,33,323,0),(1680,6,3,4,33,324,0),(1681,6,3,5,33,325,0),(1682,6,3,6,33,326,0),(1683,6,3,7,33,327,0),(1684,6,3,8,33,328,0),(1685,6,3,9,33,329,0),(1686,6,3,10,33,330,0),(1687,6,3,1,34,331,0),(1688,6,3,2,34,332,0),(1689,6,3,3,34,333,0),(1690,6,3,4,34,334,0),(1691,6,3,5,34,335,0),(1692,6,3,6,34,336,0),(1693,6,3,7,34,337,0),(1694,6,3,8,34,338,0),(1695,6,3,9,34,339,0),(1696,6,3,10,34,340,0),(1697,6,3,1,35,341,0),(1698,6,3,2,35,342,0),(1699,6,3,3,35,343,0),(1700,6,3,4,35,344,0),(1701,6,3,5,35,345,0),(1702,6,3,6,35,346,0),(1703,6,3,7,35,347,0),(1704,6,3,8,35,348,0),(1705,6,3,9,35,349,0),(1706,6,3,10,35,350,0),(1707,6,3,1,36,351,0),(1708,6,3,2,36,352,0),(1709,6,3,3,36,353,0),(1710,6,3,4,36,354,0),(1711,6,3,5,36,355,0),(1712,6,3,6,36,356,0),(1713,6,3,7,36,357,0),(1714,6,3,8,36,358,0),(1715,6,3,9,36,359,0),(1716,6,3,10,36,360,0),(1717,6,3,1,37,361,0),(1718,6,3,2,37,362,0),(1719,6,3,3,37,363,0),(1720,6,3,4,37,364,0),(1721,6,3,5,37,365,0),(1722,6,3,6,37,366,0),(1723,6,3,7,37,367,0),(1724,6,3,8,37,368,0),(1725,6,3,9,37,369,0),(1726,6,3,10,37,370,0),(1727,6,3,1,38,371,0),(1728,6,3,2,38,372,0),(1729,6,3,3,38,373,0),(1730,6,3,4,38,374,0),(1731,6,3,5,38,375,0),(1732,6,3,6,38,376,0),(1733,6,3,7,38,377,0),(1734,6,3,8,38,378,0),(1735,6,3,9,38,379,0),(1736,6,3,10,38,380,0),(1737,6,3,1,39,381,0),(1738,6,3,2,39,382,0),(1739,6,3,3,39,383,0),(1740,6,3,4,39,384,0),(1741,6,3,5,39,385,0),(1742,6,3,6,39,386,0),(1743,6,3,7,39,387,0),(1744,6,3,8,39,388,0),(1745,6,3,9,39,389,0),(1746,6,3,10,39,390,0),(1747,6,3,1,40,391,0),(1748,6,3,2,40,392,0),(1749,6,3,3,40,393,0),(1750,6,3,4,40,394,0),(1751,6,3,5,40,395,0),(1752,6,3,6,40,396,0),(1753,6,3,7,40,397,0),(1754,6,3,8,40,398,0),(1755,6,3,9,40,399,0),(1756,6,3,10,40,400,0),(1757,6,3,1,41,401,0),(1758,6,3,2,41,402,0),(1759,6,3,3,41,403,0),(1760,6,3,4,41,404,0),(1761,6,3,5,41,405,0),(1762,6,3,6,41,406,0),(1763,6,3,7,41,407,0),(1764,6,3,8,41,408,0),(1765,6,3,9,41,409,0),(1766,6,3,10,41,410,0),(1767,7,1,3,1,1,0),(1768,7,1,4,1,2,0),(1769,7,1,5,1,3,0),(1770,7,1,6,1,4,0),(1771,7,1,7,1,5,0),(1772,7,2,3,2,6,0),(1773,7,2,4,2,7,0),(1774,7,2,5,2,8,0),(1775,7,2,6,2,9,0),(1776,7,2,7,2,10,0),(1777,7,2,2,3,11,0),(1778,7,2,3,3,12,0),(1779,7,2,4,3,13,0),(1780,7,2,5,3,14,0),(1781,7,2,6,3,15,0),(1782,7,2,7,3,16,0),(1783,7,2,8,3,17,0),(1784,7,3,1,4,18,0),(1785,7,3,2,4,19,0),(1786,7,3,3,4,20,0),(1787,7,3,4,4,21,0),(1788,7,3,5,4,22,0),(1789,7,3,6,4,23,0),(1790,7,3,7,4,24,0),(1791,7,3,8,4,25,0),(1792,7,3,9,4,26,0),(1793,7,3,1,5,27,0),(1794,7,3,2,5,28,0),(1795,7,3,3,5,29,0),(1796,7,3,4,5,30,0),(1797,7,3,5,5,31,0),(1798,7,3,6,5,32,0),(1799,7,3,7,5,33,0),(1800,7,3,8,5,34,0),(1801,7,3,9,5,35,0),(1802,7,3,1,6,36,0),(1803,7,3,2,6,37,0),(1804,7,3,3,6,38,0),(1805,7,3,4,6,39,0),(1806,7,3,5,6,40,0),(1807,7,3,6,6,41,0),(1808,7,3,7,6,42,0),(1809,7,3,8,6,43,0),(1810,7,3,9,6,44,0),(1811,7,3,1,7,45,0),(1812,7,3,2,7,46,0),(1813,7,3,3,7,47,0),(1814,7,3,4,7,48,0),(1815,7,3,5,7,49,0),(1816,7,3,6,7,50,0),(1817,7,3,7,7,51,0),(1818,7,3,8,7,52,0),(1819,7,3,9,7,53,0),(1820,7,3,1,8,54,0),(1821,7,3,2,8,55,0),(1822,7,3,3,8,56,0),(1823,7,3,4,8,57,0),(1824,7,3,5,8,58,0),(1825,7,3,6,8,59,0),(1826,7,3,7,8,60,0),(1827,7,3,8,8,61,0),(1828,7,3,9,8,62,0),(1829,7,3,1,9,63,0),(1830,7,3,2,9,64,0),(1831,7,3,3,9,65,0),(1832,7,3,4,9,66,0),(1833,7,3,5,9,67,0),(1834,7,3,6,9,68,0),(1835,7,3,7,9,69,0),(1836,7,3,8,9,70,0),(1837,7,3,9,9,71,0),(1838,7,3,1,10,72,0),(1839,7,3,2,10,73,0),(1840,7,3,3,10,74,0),(1841,7,3,4,10,75,0),(1842,7,3,5,10,76,0),(1843,7,3,6,10,77,0),(1844,7,3,7,10,78,0),(1845,7,3,8,10,79,0),(1846,7,3,9,10,80,0),(1847,7,3,1,11,81,0),(1848,7,3,2,11,82,0),(1849,7,3,3,11,83,0),(1850,7,3,4,11,84,0),(1851,7,3,5,11,85,0),(1852,7,3,6,11,86,0),(1853,7,3,7,11,87,0),(1854,7,3,8,11,88,0),(1855,7,3,9,11,89,0),(1856,7,3,1,12,90,0),(1857,7,3,2,12,91,0),(1858,7,3,3,12,92,0),(1859,7,3,4,12,93,0),(1860,7,3,5,12,94,0),(1861,7,3,6,12,95,0),(1862,7,3,7,12,96,0),(1863,7,3,8,12,97,0),(1864,7,3,9,12,98,0),(1865,7,3,1,13,99,0),(1866,7,3,2,13,100,0),(1867,7,3,3,13,101,0),(1868,7,3,4,13,102,0),(1869,7,3,5,13,103,0),(1870,7,3,6,13,104,0),(1871,7,3,7,13,105,0),(1872,7,3,8,13,106,0),(1873,7,3,9,13,107,0),(1874,7,3,1,14,108,0),(1875,7,3,2,14,109,0),(1876,7,3,3,14,110,0),(1877,7,3,4,14,111,0),(1878,7,3,5,14,112,0),(1879,7,3,6,14,113,0),(1880,7,3,7,14,114,0),(1881,7,3,8,14,115,0),(1882,7,3,9,14,116,0),(1883,7,3,1,15,117,0),(1884,7,3,2,15,118,0),(1885,7,3,3,15,119,0),(1886,7,3,4,15,120,0),(1887,7,3,5,15,121,0),(1888,7,3,6,15,122,0),(1889,7,3,7,15,123,0),(1890,7,3,8,15,124,0),(1891,7,3,9,15,125,0),(1892,7,3,1,16,126,0),(1893,7,3,2,16,127,0),(1894,7,3,3,16,128,0),(1895,7,3,4,16,129,0),(1896,7,3,5,16,130,0),(1897,7,3,6,16,131,0),(1898,7,3,7,16,132,0),(1899,7,3,8,16,133,0),(1900,7,3,9,16,134,0),(1901,7,3,1,17,135,0),(1902,7,3,2,17,136,0),(1903,7,3,3,17,137,0),(1904,7,3,4,17,138,0),(1905,7,3,5,17,139,0),(1906,7,3,6,17,140,0),(1907,7,3,7,17,141,0),(1908,7,3,8,17,142,0),(1909,7,3,9,17,143,0),(1910,7,3,1,18,144,0),(1911,7,3,2,18,145,0),(1912,7,3,3,18,146,0),(1913,7,3,4,18,147,0),(1914,7,3,5,18,148,0),(1915,7,3,6,18,149,0),(1916,7,3,7,18,150,0),(1917,7,3,8,18,151,0),(1918,7,3,9,18,152,0),(1919,7,3,1,19,153,0),(1920,7,3,2,19,154,0),(1921,7,3,3,19,155,0),(1922,7,3,4,19,156,0),(1923,7,3,5,19,157,0),(1924,7,3,6,19,158,0),(1925,7,3,7,19,159,0),(1926,7,3,8,19,160,0),(1927,7,3,9,19,161,0),(1928,7,3,1,20,162,0),(1929,7,3,2,20,163,0),(1930,7,3,3,20,164,0),(1931,7,3,4,20,165,0),(1932,7,3,5,20,166,0),(1933,7,3,6,20,167,0),(1934,7,3,7,20,168,0),(1935,7,3,8,20,169,0),(1936,7,3,9,20,170,0),(1937,7,3,1,21,171,0),(1938,7,3,2,21,172,0),(1939,7,3,3,21,173,0),(1940,7,3,4,21,174,0),(1941,7,3,5,21,175,0),(1942,7,3,6,21,176,0),(1943,7,3,7,21,177,0),(1944,7,3,8,21,178,0),(1945,7,3,9,21,179,0),(1946,8,1,3,1,1,0),(1947,8,1,4,1,2,0),(1948,8,1,5,1,3,0),(1949,8,1,6,1,4,0),(1950,8,1,7,1,5,0),(1951,8,2,2,2,6,0),(1952,8,2,3,2,7,0),(1953,8,2,4,2,8,0),(1954,8,2,5,2,9,0),(1955,8,2,6,2,10,0),(1956,8,2,7,2,11,0),(1957,8,2,8,2,12,0),(1958,8,2,2,3,13,0),(1959,8,2,3,3,14,0),(1960,8,2,4,3,15,0),(1961,8,2,5,3,16,0),(1962,8,2,6,3,17,0),(1963,8,2,7,3,18,0),(1964,8,2,8,3,19,0),(1965,8,3,1,4,20,0),(1966,8,3,2,4,21,0),(1967,8,3,3,4,22,0),(1968,8,3,4,4,23,0),(1969,8,3,5,4,24,0),(1970,8,3,6,4,25,0),(1971,8,3,7,4,26,0),(1972,8,3,8,4,27,0),(1973,8,3,9,4,28,0),(1974,8,3,1,5,29,0),(1975,8,3,2,5,30,0),(1976,8,3,3,5,31,0),(1977,8,3,4,5,32,0),(1978,8,3,5,5,33,0),(1979,8,3,6,5,34,0),(1980,8,3,7,5,35,0),(1981,8,3,8,5,36,0),(1982,8,3,9,5,37,0),(1983,8,3,1,6,38,0),(1984,8,3,2,6,39,0),(1985,8,3,3,6,40,0),(1986,8,3,4,6,41,0),(1987,8,3,5,6,42,0),(1988,8,3,6,6,43,0),(1989,8,3,7,6,44,0),(1990,8,3,8,6,45,0),(1991,8,3,9,6,46,0),(1992,8,3,1,7,47,0),(1993,8,3,2,7,48,0),(1994,8,3,3,7,49,0),(1995,8,3,4,7,50,0),(1996,8,3,5,7,51,0),(1997,8,3,6,7,52,0),(1998,8,3,7,7,53,0),(1999,8,3,8,7,54,0),(2000,8,3,9,7,55,0),(2001,8,3,1,8,56,0),(2002,8,3,2,8,57,0),(2003,8,3,3,8,58,0),(2004,8,3,4,8,59,0),(2005,8,3,5,8,60,0),(2006,8,3,6,8,61,0),(2007,8,3,7,8,62,0),(2008,8,3,8,8,63,0),(2009,8,3,9,8,64,0),(2010,8,3,1,9,65,0),(2011,8,3,2,9,66,0),(2012,8,3,3,9,67,0),(2013,8,3,4,9,68,0),(2014,8,3,5,9,69,0),(2015,8,3,6,9,70,0),(2016,8,3,7,9,71,0),(2017,8,3,8,9,72,0),(2018,8,3,9,9,73,0),(2019,8,3,1,10,74,0),(2020,8,3,2,10,75,0),(2021,8,3,3,10,76,0),(2022,8,3,4,10,77,0),(2023,8,3,5,10,78,0),(2024,8,3,6,10,79,0),(2025,8,3,7,10,80,0),(2026,8,3,8,10,81,0),(2027,8,3,9,10,82,0),(2028,8,3,1,11,83,0),(2029,8,3,2,11,84,0),(2030,8,3,3,11,85,0),(2031,8,3,4,11,86,0),(2032,8,3,5,11,87,0),(2033,8,3,6,11,88,0),(2034,8,3,7,11,89,0),(2035,8,3,8,11,90,0),(2036,8,3,9,11,91,0),(2037,8,3,1,12,92,0),(2038,8,3,2,12,93,0),(2039,8,3,3,12,94,0),(2040,8,3,4,12,95,0),(2041,8,3,5,12,96,0),(2042,8,3,6,12,97,0),(2043,8,3,7,12,98,0),(2044,8,3,8,12,99,0),(2045,8,3,9,12,100,0),(2046,8,3,1,13,101,0),(2047,8,3,2,13,102,0),(2048,8,3,3,13,103,0),(2049,8,3,4,13,104,0),(2050,8,3,5,13,105,0),(2051,8,3,6,13,106,0),(2052,8,3,7,13,107,0),(2053,8,3,8,13,108,0),(2054,8,3,9,13,109,0),(2055,8,3,1,14,110,0),(2056,8,3,2,14,111,0),(2057,8,3,3,14,112,0),(2058,8,3,4,14,113,0),(2059,8,3,5,14,114,0),(2060,8,3,6,14,115,0),(2061,8,3,7,14,116,0),(2062,8,3,8,14,117,0),(2063,8,3,9,14,118,0),(2064,8,3,1,15,119,0),(2065,8,3,2,15,120,0),(2066,8,3,3,15,121,0),(2067,8,3,4,15,122,0),(2068,8,3,5,15,123,0),(2069,8,3,6,15,124,0),(2070,8,3,7,15,125,0),(2071,8,3,8,15,126,0),(2072,8,3,9,15,127,0),(2073,8,3,1,16,128,0),(2074,8,3,2,16,129,0),(2075,8,3,3,16,130,0),(2076,8,3,4,16,131,0),(2077,8,3,5,16,132,0),(2078,8,3,6,16,133,0),(2079,8,3,7,16,134,0),(2080,8,3,8,16,135,0),(2081,8,3,9,16,136,0),(2082,8,3,1,17,137,0),(2083,8,3,2,17,138,0),(2084,8,3,3,17,139,0),(2085,8,3,4,17,140,0),(2086,8,3,5,17,141,0),(2087,8,3,6,17,142,0),(2088,8,3,7,17,143,0),(2089,8,3,8,17,144,0),(2090,8,3,9,17,145,0),(2091,8,3,1,18,146,0),(2092,8,3,2,18,147,0),(2093,8,3,3,18,148,0),(2094,8,3,4,18,149,0),(2095,8,3,5,18,150,0),(2096,8,3,6,18,151,0),(2097,8,3,7,18,152,0),(2098,8,3,8,18,153,0),(2099,8,3,9,18,154,0),(2100,8,3,1,19,155,0),(2101,8,3,2,19,156,0),(2102,8,3,3,19,157,0),(2103,8,3,4,19,158,0),(2104,8,3,5,19,159,0),(2105,8,3,6,19,160,0),(2106,8,3,7,19,161,0),(2107,8,3,8,19,162,0),(2108,8,3,9,19,163,0),(2109,8,3,1,20,164,0),(2110,8,3,2,20,165,0),(2111,8,3,3,20,166,0),(2112,8,3,4,20,167,0),(2113,8,3,5,20,168,0),(2114,8,3,6,20,169,0),(2115,8,3,7,20,170,0),(2116,8,3,8,20,171,0),(2117,8,3,9,20,172,0),(2118,8,3,1,21,173,0),(2119,8,3,2,21,174,0),(2120,8,3,3,21,175,0),(2121,8,3,4,21,176,0),(2122,8,3,5,21,177,0),(2123,8,3,6,21,178,0),(2124,8,3,7,21,179,0),(2125,8,3,8,21,180,0),(2126,8,3,9,21,181,0),(2127,8,3,1,22,182,0),(2128,8,3,2,22,183,0),(2129,8,3,3,22,184,0),(2130,8,3,4,22,185,0),(2131,8,3,5,22,186,0),(2132,8,3,6,22,187,0),(2133,8,3,7,22,188,0),(2134,8,3,8,22,189,0),(2135,8,3,9,22,190,0),(2136,8,3,1,23,191,0),(2137,8,3,2,23,192,0),(2138,8,3,3,23,193,0),(2139,8,3,4,23,194,0),(2140,8,3,5,23,195,0),(2141,8,3,6,23,196,0),(2142,8,3,7,23,197,0),(2143,8,3,8,23,198,0),(2144,8,3,9,23,199,0),(2145,8,3,1,24,200,0),(2146,8,3,2,24,201,0),(2147,8,3,3,24,202,0),(2148,8,3,4,24,203,0),(2149,8,3,5,24,204,0),(2150,8,3,6,24,205,0),(2151,8,3,7,24,206,0),(2152,8,3,8,24,207,0),(2153,8,3,9,24,208,0),(2154,8,3,1,25,209,0),(2155,8,3,2,25,210,0),(2156,8,3,3,25,211,0),(2157,8,3,4,25,212,0),(2158,8,3,5,25,213,0),(2159,8,3,6,25,214,0),(2160,8,3,7,25,215,0),(2161,8,3,8,25,216,0),(2162,8,3,9,25,217,0),(2163,8,3,1,26,218,0),(2164,8,3,2,26,219,0),(2165,8,3,3,26,220,0),(2166,8,3,4,26,221,0),(2167,8,3,5,26,222,0),(2168,8,3,6,26,223,0),(2169,8,3,7,26,224,0),(2170,8,3,8,26,225,0),(2171,8,3,9,26,226,0),(2172,8,3,1,27,227,0),(2173,8,3,2,27,228,0),(2174,8,3,3,27,229,0),(2175,8,3,4,27,230,0),(2176,8,3,5,27,231,0),(2177,8,3,6,27,232,0),(2178,8,3,7,27,233,0),(2179,8,3,8,27,234,0),(2180,8,3,9,27,235,0),(2181,8,3,1,28,236,0),(2182,8,3,2,28,237,0),(2183,8,3,3,28,238,0),(2184,8,3,4,28,239,0),(2185,8,3,5,28,240,0),(2186,8,3,6,28,241,0),(2187,8,3,7,28,242,0),(2188,8,3,8,28,243,0),(2189,8,3,9,28,244,0),(2190,8,3,1,29,245,0),(2191,8,3,2,29,246,0),(2192,8,3,3,29,247,0),(2193,8,3,4,29,248,0),(2194,8,3,5,29,249,0),(2195,8,3,6,29,250,0),(2196,8,3,7,29,251,0),(2197,8,3,8,29,252,0),(2198,8,3,9,29,253,0),(2199,8,3,1,30,254,0),(2200,8,3,2,30,255,0),(2201,8,3,3,30,256,0),(2202,8,3,4,30,257,0),(2203,8,3,5,30,258,0),(2204,8,3,6,30,259,0),(2205,8,3,7,30,260,0),(2206,8,3,8,30,261,0),(2207,8,3,9,30,262,0),(2208,8,3,1,31,263,0),(2209,8,3,2,31,264,0),(2210,8,3,3,31,265,0),(2211,8,3,4,31,266,0),(2212,8,3,5,31,267,0),(2213,8,3,6,31,268,0),(2214,8,3,7,31,269,0),(2215,8,3,8,31,270,0),(2216,8,3,9,31,271,0),(2217,8,3,1,32,272,0),(2218,8,3,2,32,273,0),(2219,8,3,3,32,274,0),(2220,8,3,4,32,275,0),(2221,8,3,5,32,276,0),(2222,8,3,6,32,277,0),(2223,8,3,7,32,278,0),(2224,8,3,8,32,279,0),(2225,8,3,9,32,280,0),(2226,8,3,1,33,281,0),(2227,8,3,2,33,282,0),(2228,8,3,3,33,283,0),(2229,8,3,4,33,284,0),(2230,8,3,5,33,285,0),(2231,8,3,6,33,286,0),(2232,8,3,7,33,287,0),(2233,8,3,8,33,288,0),(2234,8,3,9,33,289,0),(2235,8,3,3,34,290,0),(2236,8,3,4,34,291,0),(2237,8,3,5,34,292,0),(2238,8,3,6,34,293,0),(2239,8,3,7,34,294,0),(2240,9,1,1,1,1,0),(2241,9,1,2,1,2,0),(2242,9,1,3,1,3,0),(2243,9,1,4,1,4,0),(2244,9,1,5,1,5,0),(2245,9,1,6,1,6,0),(2246,9,1,7,1,7,0),(2247,9,1,8,1,8,0),(2248,9,1,9,1,9,0),(2249,9,1,10,1,10,0),(2250,9,2,1,2,11,0),(2251,9,2,2,2,12,0),(2252,9,2,3,2,13,0),(2253,9,2,4,2,14,0),(2254,9,2,5,2,15,0),(2255,9,2,6,2,16,0),(2256,9,2,7,2,17,0),(2257,9,2,8,2,18,0),(2258,9,2,9,2,19,0),(2259,9,2,10,2,20,0),(2260,9,2,1,3,21,0),(2261,9,2,2,3,22,0),(2262,9,2,3,3,23,0),(2263,9,2,4,3,24,0),(2264,9,2,5,3,25,0),(2265,9,2,6,3,26,0),(2266,9,2,7,3,27,0),(2267,9,2,8,3,28,0),(2268,9,2,9,3,29,0),(2269,9,2,10,3,30,0),(2270,9,3,1,4,31,0),(2271,9,3,2,4,32,0),(2272,9,3,3,4,33,0),(2273,9,3,4,4,34,0),(2274,9,3,5,4,35,0),(2275,9,3,6,4,36,0),(2276,9,3,7,4,37,0),(2277,9,3,8,4,38,0),(2278,9,3,9,4,39,0),(2279,9,3,10,4,40,0),(2280,9,3,1,5,41,0),(2281,9,3,2,5,42,0),(2282,9,3,3,5,43,0),(2283,9,3,4,5,44,0),(2284,9,3,5,5,45,0),(2285,9,3,6,5,46,0),(2286,9,3,7,5,47,0),(2287,9,3,8,5,48,0),(2288,9,3,9,5,49,0),(2289,9,3,10,5,50,0),(2290,9,3,1,6,51,0),(2291,9,3,2,6,52,0),(2292,9,3,3,6,53,0),(2293,9,3,4,6,54,0),(2294,9,3,5,6,55,0),(2295,9,3,6,6,56,0),(2296,9,3,7,6,57,0),(2297,9,3,8,6,58,0),(2298,9,3,9,6,59,0),(2299,9,3,10,6,60,0),(2300,9,3,1,7,61,0),(2301,9,3,2,7,62,0),(2302,9,3,3,7,63,0),(2303,9,3,4,7,64,0),(2304,9,3,5,7,65,0),(2305,9,3,6,7,66,0),(2306,9,3,7,7,67,0),(2307,9,3,8,7,68,0),(2308,9,3,9,7,69,0),(2309,9,3,10,7,70,0),(2310,9,3,1,8,71,0),(2311,9,3,2,8,72,0),(2312,9,3,3,8,73,0),(2313,9,3,4,8,74,0),(2314,9,3,5,8,75,0),(2315,9,3,6,8,76,0),(2316,9,3,7,8,77,0),(2317,9,3,8,8,78,0),(2318,9,3,9,8,79,0),(2319,9,3,10,8,80,0),(2320,9,3,1,9,81,0),(2321,9,3,2,9,82,0),(2322,9,3,3,9,83,0),(2323,9,3,4,9,84,0),(2324,9,3,5,9,85,0),(2325,9,3,6,9,86,0),(2326,9,3,7,9,87,0),(2327,9,3,8,9,88,0),(2328,9,3,9,9,89,0),(2329,9,3,10,9,90,0),(2330,9,3,1,10,91,0),(2331,9,3,2,10,92,0),(2332,9,3,3,10,93,0),(2333,9,3,4,10,94,0),(2334,9,3,5,10,95,0),(2335,9,3,6,10,96,0),(2336,9,3,7,10,97,0),(2337,9,3,8,10,98,0),(2338,9,3,9,10,99,0),(2339,9,3,10,10,100,0),(2340,9,3,1,11,101,0),(2341,9,3,2,11,102,0),(2342,9,3,3,11,103,0),(2343,9,3,4,11,104,0),(2344,9,3,5,11,105,0),(2345,9,3,6,11,106,0),(2346,9,3,7,11,107,0),(2347,9,3,8,11,108,0),(2348,9,3,9,11,109,0),(2349,9,3,10,11,110,0),(2350,9,3,1,12,111,0),(2351,9,3,2,12,112,0),(2352,9,3,3,12,113,0),(2353,9,3,4,12,114,0),(2354,9,3,5,12,115,0),(2355,9,3,6,12,116,0),(2356,9,3,7,12,117,0),(2357,9,3,8,12,118,0),(2358,9,3,9,12,119,0),(2359,9,3,10,12,120,0),(2360,9,3,1,13,121,0),(2361,9,3,2,13,122,0),(2362,9,3,3,13,123,0),(2363,9,3,4,13,124,0),(2364,9,3,5,13,125,0),(2365,9,3,6,13,126,0),(2366,9,3,7,13,127,0),(2367,9,3,8,13,128,0),(2368,9,3,9,13,129,0),(2369,9,3,10,13,130,0),(2370,9,3,1,14,131,0),(2371,9,3,2,14,132,0),(2372,9,3,3,14,133,0),(2373,9,3,4,14,134,0),(2374,9,3,5,14,135,0),(2375,9,3,6,14,136,0),(2376,9,3,7,14,137,0),(2377,9,3,8,14,138,0),(2378,9,3,9,14,139,0),(2379,9,3,10,14,140,0),(2380,9,3,1,15,141,0),(2381,9,3,2,15,142,0),(2382,9,3,3,15,143,0),(2383,9,3,4,15,144,0),(2384,9,3,5,15,145,0),(2385,9,3,6,15,146,0),(2386,9,3,7,15,147,0),(2387,9,3,8,15,148,0),(2388,9,3,9,15,149,0),(2389,9,3,10,15,150,0),(2390,9,3,1,16,151,0),(2391,9,3,2,16,152,0),(2392,9,3,3,16,153,0),(2393,9,3,4,16,154,0),(2394,9,3,5,16,155,0),(2395,9,3,6,16,156,0),(2396,9,3,7,16,157,0),(2397,9,3,8,16,158,0),(2398,9,3,9,16,159,0),(2399,9,3,10,16,160,0),(2400,9,3,1,17,161,0),(2401,9,3,2,17,162,0),(2402,9,3,3,17,163,0),(2403,9,3,4,17,164,0),(2404,9,3,5,17,165,0),(2405,9,3,6,17,166,0),(2406,9,3,7,17,167,0),(2407,9,3,8,17,168,0),(2408,9,3,9,17,169,0),(2409,9,3,10,17,170,0),(2410,9,3,1,18,171,0),(2411,9,3,2,18,172,0),(2412,9,3,3,18,173,0),(2413,9,3,4,18,174,0),(2414,9,3,5,18,175,0),(2415,9,3,6,18,176,0),(2416,9,3,7,18,177,0),(2417,9,3,8,18,178,0),(2418,9,3,9,18,179,0),(2419,9,3,10,18,180,0),(2420,9,3,1,19,181,0),(2421,9,3,2,19,182,0),(2422,9,3,3,19,183,0),(2423,9,3,4,19,184,0),(2424,9,3,5,19,185,0),(2425,9,3,6,19,186,0),(2426,9,3,7,19,187,0),(2427,9,3,8,19,188,0),(2428,9,3,9,19,189,0),(2429,9,3,10,19,190,0),(2430,9,3,1,20,191,0),(2431,9,3,2,20,192,0),(2432,9,3,3,20,193,0),(2433,9,3,4,20,194,0),(2434,9,3,5,20,195,0),(2435,9,3,6,20,196,0),(2436,9,3,7,20,197,0),(2437,9,3,8,20,198,0),(2438,9,3,9,20,199,0),(2439,9,3,10,20,200,0),(2440,9,3,1,21,201,0),(2441,9,3,2,21,202,0),(2442,9,3,3,21,203,0),(2443,9,3,4,21,204,0),(2444,9,3,5,21,205,0),(2445,9,3,6,21,206,0),(2446,9,3,7,21,207,0),(2447,9,3,8,21,208,0),(2448,9,3,9,21,209,0),(2449,9,3,10,21,210,0),(2450,9,3,1,22,211,0),(2451,9,3,2,22,212,0),(2452,9,3,3,22,213,0),(2453,9,3,4,22,214,0),(2454,9,3,5,22,215,0),(2455,9,3,6,22,216,0),(2456,9,3,7,22,217,0),(2457,9,3,8,22,218,0),(2458,9,3,9,22,219,0),(2459,9,3,10,22,220,0),(2460,9,3,1,23,221,0),(2461,9,3,2,23,222,0),(2462,9,3,3,23,223,0),(2463,9,3,4,23,224,0),(2464,9,3,5,23,225,0),(2465,9,3,6,23,226,0),(2466,9,3,7,23,227,0),(2467,9,3,8,23,228,0),(2468,9,3,9,23,229,0),(2469,9,3,10,23,230,0),(2470,9,3,1,24,231,0),(2471,9,3,2,24,232,0),(2472,9,3,3,24,233,0),(2473,9,3,4,24,234,0),(2474,9,3,5,24,235,0),(2475,9,3,6,24,236,0),(2476,9,3,7,24,237,0),(2477,9,3,8,24,238,0),(2478,9,3,9,24,239,0),(2479,9,3,10,24,240,0),(2480,9,3,1,25,241,0),(2481,9,3,2,25,242,0),(2482,9,3,3,25,243,0),(2483,9,3,4,25,244,0),(2484,9,3,5,25,245,0),(2485,9,3,6,25,246,0),(2486,9,3,7,25,247,0),(2487,9,3,8,25,248,0),(2488,9,3,9,25,249,0),(2489,9,3,10,25,250,0),(2490,9,3,1,26,251,0),(2491,9,3,2,26,252,0),(2492,9,3,3,26,253,0),(2493,9,3,4,26,254,0),(2494,9,3,5,26,255,0),(2495,9,3,6,26,256,0),(2496,9,3,7,26,257,0),(2497,9,3,8,26,258,0),(2498,9,3,9,26,259,0),(2499,9,3,10,26,260,0),(2500,9,3,1,27,261,0),(2501,9,3,2,27,262,0),(2502,9,3,3,27,263,0),(2503,9,3,4,27,264,0),(2504,9,3,5,27,265,0),(2505,9,3,6,27,266,0),(2506,9,3,7,27,267,0),(2507,9,3,8,27,268,0),(2508,9,3,9,27,269,0),(2509,9,3,10,27,270,0),(2510,9,3,1,28,271,0),(2511,9,3,2,28,272,0),(2512,9,3,3,28,273,0),(2513,9,3,4,28,274,0),(2514,9,3,5,28,275,0),(2515,9,3,6,28,276,0),(2516,9,3,7,28,277,0),(2517,9,3,8,28,278,0),(2518,9,3,9,28,279,0),(2519,9,3,10,28,280,0),(2520,9,3,1,29,281,0),(2521,9,3,2,29,282,0),(2522,9,3,3,29,283,0),(2523,9,3,4,29,284,0),(2524,9,3,5,29,285,0),(2525,9,3,6,29,286,0),(2526,9,3,7,29,287,0),(2527,9,3,8,29,288,0),(2528,9,3,9,29,289,0),(2529,9,3,10,29,290,0),(2530,9,3,1,30,291,0),(2531,9,3,2,30,292,0),(2532,9,3,3,30,293,0),(2533,9,3,4,30,294,0),(2534,9,3,5,30,295,0),(2535,9,3,6,30,296,0),(2536,9,3,7,30,297,0),(2537,9,3,8,30,298,0),(2538,9,3,9,30,299,0),(2539,9,3,10,30,300,0),(2540,9,3,1,31,301,0),(2541,9,3,2,31,302,0),(2542,9,3,3,31,303,0),(2543,9,3,4,31,304,0),(2544,9,3,5,31,305,0),(2545,9,3,6,31,306,0),(2546,9,3,7,31,307,0),(2547,9,3,8,31,308,0),(2548,9,3,9,31,309,0),(2549,9,3,10,31,310,0),(2550,9,3,1,32,311,0),(2551,9,3,2,32,312,0),(2552,9,3,3,32,313,0),(2553,9,3,4,32,314,0),(2554,9,3,5,32,315,0),(2555,9,3,6,32,316,0),(2556,9,3,7,32,317,0),(2557,9,3,8,32,318,0),(2558,9,3,9,32,319,0),(2559,9,3,10,32,320,0),(2560,9,3,1,33,321,0),(2561,9,3,2,33,322,0),(2562,9,3,3,33,323,0),(2563,9,3,4,33,324,0),(2564,9,3,5,33,325,0),(2565,9,3,6,33,326,0),(2566,9,3,7,33,327,0),(2567,9,3,8,33,328,0),(2568,9,3,9,33,329,0),(2569,9,3,10,33,330,0),(2570,9,3,1,34,331,0),(2571,9,3,2,34,332,0),(2572,9,3,3,34,333,0),(2573,9,3,4,34,334,0),(2574,9,3,5,34,335,0),(2575,9,3,6,34,336,0),(2576,9,3,7,34,337,0),(2577,9,3,8,34,338,0),(2578,9,3,9,34,339,0),(2579,9,3,10,34,340,0),(2580,9,3,1,35,341,0),(2581,9,3,2,35,342,0),(2582,9,3,3,35,343,0),(2583,9,3,4,35,344,0),(2584,9,3,5,35,345,0),(2585,9,3,6,35,346,0),(2586,9,3,7,35,347,0),(2587,9,3,8,35,348,0),(2588,9,3,9,35,349,0),(2589,9,3,10,35,350,0),(2590,9,3,1,36,351,0),(2591,9,3,2,36,352,0),(2592,9,3,3,36,353,0),(2593,9,3,4,36,354,0),(2594,9,3,5,36,355,0),(2595,9,3,6,36,356,0),(2596,9,3,7,36,357,0),(2597,9,3,8,36,358,0),(2598,9,3,9,36,359,0),(2599,9,3,10,36,360,0),(2600,9,3,1,37,361,0),(2601,9,3,2,37,362,0),(2602,9,3,3,37,363,0),(2603,9,3,4,37,364,0),(2604,9,3,5,37,365,0),(2605,9,3,6,37,366,0),(2606,9,3,7,37,367,0),(2607,9,3,8,37,368,0),(2608,9,3,9,37,369,0),(2609,9,3,10,37,370,0),(2610,9,3,1,38,371,0),(2611,9,3,2,38,372,0),(2612,9,3,3,38,373,0),(2613,9,3,4,38,374,0),(2614,9,3,5,38,375,0),(2615,9,3,6,38,376,0),(2616,9,3,7,38,377,0),(2617,9,3,8,38,378,0),(2618,9,3,9,38,379,0),(2619,9,3,10,38,380,0),(2620,9,3,1,39,381,0),(2621,9,3,2,39,382,0),(2622,9,3,3,39,383,0),(2623,9,3,4,39,384,0),(2624,9,3,5,39,385,0),(2625,9,3,6,39,386,0),(2626,9,3,7,39,387,0),(2627,9,3,8,39,388,0),(2628,9,3,9,39,389,0),(2629,9,3,10,39,390,0),(2630,9,3,1,40,391,0),(2631,9,3,2,40,392,0),(2632,9,3,3,40,393,0),(2633,9,3,4,40,394,0),(2634,9,3,5,40,395,0),(2635,9,3,6,40,396,0),(2636,9,3,7,40,397,0),(2637,9,3,8,40,398,0),(2638,9,3,9,40,399,0),(2639,9,3,10,40,400,0),(2640,9,3,1,41,401,0),(2641,9,3,2,41,402,0),(2642,9,3,3,41,403,0),(2643,9,3,4,41,404,0),(2644,9,3,5,41,405,0),(2645,9,3,6,41,406,0),(2646,9,3,7,41,407,0),(2647,9,3,8,41,408,0),(2648,9,3,9,41,409,0),(2649,9,3,10,41,410,0),(2650,10,1,3,1,1,0),(2651,10,1,4,1,2,0),(2652,10,1,5,1,3,0),(2653,10,1,6,1,4,0),(2654,10,1,7,1,5,0),(2655,10,2,3,2,6,0),(2656,10,2,4,2,7,0),(2657,10,2,5,2,8,0),(2658,10,2,6,2,9,0),(2659,10,2,7,2,10,0),(2660,10,2,2,3,11,0),(2661,10,2,3,3,12,0),(2662,10,2,4,3,13,0),(2663,10,2,5,3,14,0),(2664,10,2,6,3,15,0),(2665,10,2,7,3,16,0),(2666,10,2,8,3,17,0),(2667,10,3,1,4,18,0),(2668,10,3,2,4,19,0),(2669,10,3,3,4,20,0),(2670,10,3,4,4,21,0),(2671,10,3,5,4,22,0),(2672,10,3,6,4,23,0),(2673,10,3,7,4,24,0),(2674,10,3,8,4,25,0),(2675,10,3,9,4,26,0),(2676,10,3,1,5,27,0),(2677,10,3,2,5,28,0),(2678,10,3,3,5,29,0),(2679,10,3,4,5,30,0),(2680,10,3,5,5,31,0),(2681,10,3,6,5,32,0),(2682,10,3,7,5,33,0),(2683,10,3,8,5,34,0),(2684,10,3,9,5,35,0),(2685,10,3,1,6,36,0),(2686,10,3,2,6,37,0),(2687,10,3,3,6,38,0),(2688,10,3,4,6,39,0),(2689,10,3,5,6,40,0),(2690,10,3,6,6,41,0),(2691,10,3,7,6,42,0),(2692,10,3,8,6,43,0),(2693,10,3,9,6,44,0),(2694,10,3,1,7,45,0),(2695,10,3,2,7,46,0),(2696,10,3,3,7,47,0),(2697,10,3,4,7,48,0),(2698,10,3,5,7,49,0),(2699,10,3,6,7,50,0),(2700,10,3,7,7,51,0),(2701,10,3,8,7,52,0),(2702,10,3,9,7,53,0),(2703,10,3,1,8,54,0),(2704,10,3,2,8,55,0),(2705,10,3,3,8,56,0),(2706,10,3,4,8,57,0),(2707,10,3,5,8,58,0),(2708,10,3,6,8,59,0),(2709,10,3,7,8,60,0),(2710,10,3,8,8,61,0),(2711,10,3,9,8,62,0),(2712,10,3,1,9,63,0),(2713,10,3,2,9,64,0),(2714,10,3,3,9,65,0),(2715,10,3,4,9,66,0),(2716,10,3,5,9,67,0),(2717,10,3,6,9,68,0),(2718,10,3,7,9,69,0),(2719,10,3,8,9,70,0),(2720,10,3,9,9,71,0),(2721,10,3,1,10,72,0),(2722,10,3,2,10,73,0),(2723,10,3,3,10,74,0),(2724,10,3,4,10,75,0),(2725,10,3,5,10,76,0),(2726,10,3,6,10,77,0),(2727,10,3,7,10,78,0),(2728,10,3,8,10,79,0),(2729,10,3,9,10,80,0),(2730,10,3,1,11,81,0),(2731,10,3,2,11,82,0),(2732,10,3,3,11,83,0),(2733,10,3,4,11,84,0),(2734,10,3,5,11,85,0),(2735,10,3,6,11,86,0),(2736,10,3,7,11,87,0),(2737,10,3,8,11,88,0),(2738,10,3,9,11,89,0),(2739,10,3,1,12,90,0),(2740,10,3,2,12,91,0),(2741,10,3,3,12,92,0),(2742,10,3,4,12,93,0),(2743,10,3,5,12,94,0),(2744,10,3,6,12,95,0),(2745,10,3,7,12,96,0),(2746,10,3,8,12,97,0),(2747,10,3,9,12,98,0),(2748,10,3,1,13,99,0),(2749,10,3,2,13,100,0),(2750,10,3,3,13,101,0),(2751,10,3,4,13,102,0),(2752,10,3,5,13,103,0),(2753,10,3,6,13,104,0),(2754,10,3,7,13,105,0),(2755,10,3,8,13,106,0),(2756,10,3,9,13,107,0),(2757,10,3,1,14,108,0),(2758,10,3,2,14,109,0),(2759,10,3,3,14,110,0),(2760,10,3,4,14,111,0),(2761,10,3,5,14,112,0),(2762,10,3,6,14,113,0),(2763,10,3,7,14,114,0),(2764,10,3,8,14,115,0),(2765,10,3,9,14,116,0),(2766,10,3,1,15,117,0),(2767,10,3,2,15,118,0),(2768,10,3,3,15,119,0),(2769,10,3,4,15,120,0),(2770,10,3,5,15,121,0),(2771,10,3,6,15,122,0),(2772,10,3,7,15,123,0),(2773,10,3,8,15,124,0),(2774,10,3,9,15,125,0),(2775,10,3,1,16,126,0),(2776,10,3,2,16,127,0),(2777,10,3,3,16,128,0),(2778,10,3,4,16,129,0),(2779,10,3,5,16,130,0),(2780,10,3,6,16,131,0),(2781,10,3,7,16,132,0),(2782,10,3,8,16,133,0),(2783,10,3,9,16,134,0),(2784,10,3,1,17,135,0),(2785,10,3,2,17,136,0),(2786,10,3,3,17,137,0),(2787,10,3,4,17,138,0),(2788,10,3,5,17,139,0),(2789,10,3,6,17,140,0),(2790,10,3,7,17,141,0),(2791,10,3,8,17,142,0),(2792,10,3,9,17,143,0),(2793,10,3,1,18,144,0),(2794,10,3,2,18,145,0),(2795,10,3,3,18,146,0),(2796,10,3,4,18,147,0),(2797,10,3,5,18,148,0),(2798,10,3,6,18,149,0),(2799,10,3,7,18,150,0),(2800,10,3,8,18,151,0),(2801,10,3,9,18,152,0),(2802,10,3,1,19,153,0),(2803,10,3,2,19,154,0),(2804,10,3,3,19,155,0),(2805,10,3,4,19,156,0),(2806,10,3,5,19,157,0),(2807,10,3,6,19,158,0),(2808,10,3,7,19,159,0),(2809,10,3,8,19,160,0),(2810,10,3,9,19,161,0),(2811,10,3,1,20,162,0),(2812,10,3,2,20,163,0),(2813,10,3,3,20,164,0),(2814,10,3,4,20,165,0),(2815,10,3,5,20,166,0),(2816,10,3,6,20,167,0),(2817,10,3,7,20,168,0),(2818,10,3,8,20,169,0),(2819,10,3,9,20,170,0),(2820,10,3,1,21,171,0),(2821,10,3,2,21,172,0),(2822,10,3,3,21,173,0),(2823,10,3,4,21,174,0),(2824,10,3,5,21,175,0),(2825,10,3,6,21,176,0),(2826,10,3,7,21,177,0),(2827,10,3,8,21,178,0),(2828,10,3,9,21,179,0);
/*!40000 ALTER TABLE `aircraftseat` ENABLE KEYS */;
UNLOCK TABLES;
/*!50003 SET @saved_cs_client      = @@character_set_client */ ;
/*!50003 SET @saved_cs_results     = @@character_set_results */ ;
/*!50003 SET @saved_col_connection = @@collation_connection */ ;
/*!50003 SET character_set_client  = utf8mb4 */ ;
/*!50003 SET character_set_results = utf8mb4 */ ;
/*!50003 SET collation_connection  = utf8mb4_0900_ai_ci */ ;
/*!50003 SET @saved_sql_mode       = @@sql_mode */ ;
/*!50003 SET sql_mode              = 'STRICT_TRANS_TABLES,NO_ENGINE_SUBSTITUTION' */ ;
DELIMITER ;;
/*!50003 CREATE*/ /*!50017 DEFINER=`root`@`localhost`*/ /*!50003 TRIGGER `aircraftseat_after_update` AFTER UPDATE ON `aircraftseat` FOR EACH ROW BEGIN
    IF new.status=0 THEN
        Update booking set status=0 where booking.airCraftseatID=airCraftseatID;
    END IF;
    
END */;;
DELIMITER ;
/*!50003 SET sql_mode              = @saved_sql_mode */ ;
/*!50003 SET character_set_client  = @saved_cs_client */ ;
/*!50003 SET character_set_results = @saved_cs_results */ ;
/*!50003 SET collation_connection  = @saved_col_connection */ ;

--
-- Table structure for table `aircrafttype`
--

DROP TABLE IF EXISTS `aircrafttype`;
/*!40101 SET @saved_cs_client     = @@character_set_client */;
/*!50503 SET character_set_client = utf8mb4 */;
CREATE TABLE `aircrafttype` (
  `aircraftTypeID` int NOT NULL AUTO_INCREMENT,
  `name` varchar(20) DEFAULT NULL,
  `description` varchar(500) DEFAULT NULL,
  `status` tinyint DEFAULT NULL,
  `image` varchar(255) DEFAULT NULL,
  PRIMARY KEY (`aircraftTypeID`)
) ENGINE=InnoDB AUTO_INCREMENT=27 DEFAULT CHARSET=utf8mb4 COLLATE=utf8mb4_0900_ai_ci;
/*!40101 SET character_set_client = @saved_cs_client */;

--
-- Dumping data for table `aircrafttype`
--

LOCK TABLES `aircrafttype` WRITE;
/*!40000 ALTER TABLE `aircrafttype` DISABLE KEYS */;
INSERT INTO `aircrafttype` VALUES (1,'Boeing 737','High metal material aircraft, short-to medium-range twinjet narrow-body airliner.Originally developed as a shorter,lower cost twin engined airliner derived from Boeing\'s 707 and 727,the 737 has developed into a family of nine passenger models with a capacity of 85 to 215 passengers ',1,'/src/images/aircrafttypes/Image-1657178470766.jpg'),(2,'Boeing 757','The Boeing 757 is an American narrow-body airliner designed and built by Boeing Commercial Airplanes ,High metal material aircraft',1,'/src/images/aircrafttypes/Image-1657178098210.jpg'),(3,'Airbus A380','Large wide-body airliner that was developed and produced by Airbus.It is the world\'s largest passenger airliner.Low metal material aircraft',1,'/src/images/aircrafttypes/Image-1657179737715.jpeg'),(13,'dfdsf','fdfdsf',0,'/src/images/aircrafttypes/Image-1657123589706.png'),(14,'fsfd','fdfs',0,'/src/images/aircrafttypes/Image-1657123659206.png'),(15,'vcv','xzxX',0,'/src/images/aircrafttypes/Image-1657137357782.jpg'),(16,'Air','ddsa',0,'/src/images/aircrafttypes/Image-1657137429334.jpg'),(17,'cxc','ada',0,'/src/images/aircrafttypes/Image-1657137532148.jpg'),(18,'v','xvvxv',0,'/src/images/aircrafttypes/Image-1657137563314.jpg'),(19,'hello','xvvxv',0,'/src/images/aircrafttypes/Image-1657137589956.jpg'),(20,'hi','dfdfssff',0,'/src/images/aircrafttypes/Image-1657137626211.jpg'),(21,'fg','nknvcbb',1,'/src/images/aircrafttypes/Image-1657139105051.jpg'),(22,'sd','sf',1,'/src/images/aircrafttypes/Image-1657141132493.png'),(23,'d','d',1,'/src/images/aircrafttypes/Image-1657141163267.png'),(24,'j','j',1,'/src/images/aircrafttypes/Image-1657141211690.png'),(25,'dfdfdsf','fdfddd',1,'/src/images/aircrafttypes/Image-1657141552922.png'),(26,'fff','aaaaaaaaasds',1,'/src/images/aircrafttypes/Image-1657141632727.png');
/*!40000 ALTER TABLE `aircrafttype` ENABLE KEYS */;
UNLOCK TABLES;
/*!50003 SET @saved_cs_client      = @@character_set_client */ ;
/*!50003 SET @saved_cs_results     = @@character_set_results */ ;
/*!50003 SET @saved_col_connection = @@collation_connection */ ;
/*!50003 SET character_set_client  = utf8mb4 */ ;
/*!50003 SET character_set_results = utf8mb4 */ ;
/*!50003 SET collation_connection  = utf8mb4_0900_ai_ci */ ;
/*!50003 SET @saved_sql_mode       = @@sql_mode */ ;
/*!50003 SET sql_mode              = 'STRICT_TRANS_TABLES,NO_ENGINE_SUBSTITUTION' */ ;
DELIMITER ;;
/*!50003 CREATE*/ /*!50017 DEFINER=`root`@`localhost`*/ /*!50003 TRIGGER `aircrafttype_after_update` AFTER UPDATE ON `aircrafttype` FOR EACH ROW BEGIN
    IF new.status=0 THEN
        Update aircraft set status=0 where aircraft.aircraftTypeID=aircraftTypeID;
    END IF;
    
END */;;
DELIMITER ;
/*!50003 SET sql_mode              = @saved_sql_mode */ ;
/*!50003 SET character_set_client  = @saved_cs_client */ ;
/*!50003 SET character_set_results = @saved_cs_results */ ;
/*!50003 SET collation_connection  = @saved_col_connection */ ;

--
-- Table structure for table `airport`
--

DROP TABLE IF EXISTS `airport`;
/*!40101 SET @saved_cs_client     = @@character_set_client */;
/*!50503 SET character_set_client = utf8mb4 */;
CREATE TABLE `airport` (
  `airport_id` int NOT NULL AUTO_INCREMENT,
  `name` varchar(20) DEFAULT NULL,
  `status` tinyint DEFAULT NULL,
  PRIMARY KEY (`airport_id`)
) ENGINE=InnoDB AUTO_INCREMENT=11 DEFAULT CHARSET=utf8mb4 COLLATE=utf8mb4_0900_ai_ci;
/*!40101 SET character_set_client = @saved_cs_client */;

--
-- Dumping data for table `airport`
--

LOCK TABLES `airport` WRITE;
/*!40000 ALTER TABLE `airport` DISABLE KEYS */;
INSERT INTO `airport` VALUES (1,'CGK',1),(2,'DPS',1),(3,'BIA',1),(4,'HRI',1),(5,'DEL',1),(6,'BOM',1),(7,'MAA',1),(8,'BKK',1),(9,'DMK',1),(10,'SIN',1);
/*!40000 ALTER TABLE `airport` ENABLE KEYS */;
UNLOCK TABLES;
/*!50003 SET @saved_cs_client      = @@character_set_client */ ;
/*!50003 SET @saved_cs_results     = @@character_set_results */ ;
/*!50003 SET @saved_col_connection = @@collation_connection */ ;
/*!50003 SET character_set_client  = utf8mb4 */ ;
/*!50003 SET character_set_results = utf8mb4 */ ;
/*!50003 SET collation_connection  = utf8mb4_0900_ai_ci */ ;
/*!50003 SET @saved_sql_mode       = @@sql_mode */ ;
/*!50003 SET sql_mode              = 'STRICT_TRANS_TABLES,NO_ENGINE_SUBSTITUTION' */ ;
DELIMITER ;;
/*!50003 CREATE*/ /*!50017 DEFINER=`root`@`localhost`*/ /*!50003 TRIGGER `airport_after_update` AFTER UPDATE ON `airport` FOR EACH ROW BEGIN
    IF new.status=0 THEN
        Update airportleveldetail set status=0 where airportleveldetail.airport_id=airport_id;
    END IF;
    IF new.status=0 THEN
        Update route set status=0 where route.OriginID=airport_id or route.DestinationID=airport_id;
    END IF;
    
END */;;
DELIMITER ;
/*!50003 SET sql_mode              = @saved_sql_mode */ ;
/*!50003 SET character_set_client  = @saved_cs_client */ ;
/*!50003 SET character_set_results = @saved_cs_results */ ;
/*!50003 SET collation_connection  = @saved_col_connection */ ;

--
-- Table structure for table `airportleveldetail`
--

DROP TABLE IF EXISTS `airportleveldetail`;
/*!40101 SET @saved_cs_client     = @@character_set_client */;
/*!50503 SET character_set_client = utf8mb4 */;
CREATE TABLE `airportleveldetail` (
  `airportlevelDetailID` int NOT NULL AUTO_INCREMENT,
  `airport_id` int DEFAULT NULL,
  `levelID` int DEFAULT NULL,
  `value` varchar(20) DEFAULT NULL,
  `status` tinyint DEFAULT NULL,
  PRIMARY KEY (`airportlevelDetailID`),
  UNIQUE KEY `uniqueairportlevel` (((case when (`status` = 1) then `airport_id` end)),((case when (`status` = 1) then `levelID` end))),
  KEY `levelID` (`levelID`),
  KEY `airport_id` (`airport_id`),
  CONSTRAINT `airportleveldetail_ibfk_1` FOREIGN KEY (`levelID`) REFERENCES `level` (`levelID`),
  CONSTRAINT `airportleveldetail_ibfk_2` FOREIGN KEY (`airport_id`) REFERENCES `airport` (`airport_id`)
) ENGINE=InnoDB AUTO_INCREMENT=50 DEFAULT CHARSET=utf8mb4 COLLATE=utf8mb4_0900_ai_ci;
/*!40101 SET character_set_client = @saved_cs_client */;

--
-- Dumping data for table `airportleveldetail`
--

LOCK TABLES `airportleveldetail` WRITE;
/*!40000 ALTER TABLE `airportleveldetail` DISABLE KEYS */;
INSERT INTO `airportleveldetail` VALUES (1,1,1,'Tangerang',1),(3,1,3,'Banten',1),(4,1,4,'Indonesia',1),(5,1,5,'Asia',1),(6,2,1,'Tuban',1),(7,2,2,'Badung',1),(8,2,3,'Bali',1),(9,2,4,'Indonesia',1),(10,2,5,'Asia',1),(11,3,1,'Katunayaka',1),(12,3,2,'Gampaha',1),(13,3,3,'Western',1),(14,3,4,'Sri Lanka',1),(15,3,5,'Asia',1),(16,4,1,'Mattala',1),(17,4,2,'Hambanthota',1),(18,4,3,'Southern',1),(19,4,4,'Sri Lanka',1),(20,4,5,'Asia',1),(21,5,1,'Delhi',1),(24,5,4,'India',1),(25,5,5,'Asia',1),(26,5,6,'Palam',1),(27,6,6,'Maharashtra',1),(28,6,1,'Mumbai',1),(29,6,4,'India',1),(30,6,5,'Asia',1),(31,7,6,'Tamil Nadu',1),(32,7,1,'Chennai',1),(33,7,4,'India',1),(34,7,5,'Asia',1),(35,8,7,'Racha Thewa',1),(36,8,2,'Bang phli',1),(37,8,3,'Samut Parakan',1),(38,8,4,'Thailand',1),(39,8,5,'Asia',1),(40,9,1,'City',1),(41,9,4,'Thailand',1),(42,9,5,'Asia',1),(43,9,2,'Don Mueang',1),(45,10,8,'East',1),(46,10,4,'Singapore',1),(47,10,5,'Asia',1);
/*!40000 ALTER TABLE `airportleveldetail` ENABLE KEYS */;
UNLOCK TABLES;

--
-- Table structure for table `authorizeduser`
--

DROP TABLE IF EXISTS `authorizeduser`;
/*!40101 SET @saved_cs_client     = @@character_set_client */;
/*!50503 SET character_set_client = utf8mb4 */;
CREATE TABLE `authorizeduser` (
  `userID` int NOT NULL AUTO_INCREMENT,
  `firstname` varchar(20) DEFAULT NULL,
  `lastname` varchar(20) DEFAULT NULL,
  `email` varchar(50) DEFAULT NULL,
  `address` varchar(255) DEFAULT NULL,
  `password` varchar(100) DEFAULT NULL,
  `status` tinyint DEFAULT NULL,
  `type` tinyint DEFAULT NULL,
  `image` blob,
  PRIMARY KEY (`userID`)
) ENGINE=InnoDB AUTO_INCREMENT=3 DEFAULT CHARSET=utf8mb4 COLLATE=utf8mb4_0900_ai_ci;
/*!40101 SET character_set_client = @saved_cs_client */;

--
-- Dumping data for table `authorizeduser`
--

LOCK TABLES `authorizeduser` WRITE;
/*!40000 ALTER TABLE `authorizeduser` DISABLE KEYS */;
INSERT INTO `authorizeduser` VALUES (1,'Hasitha','Jayaweeera','manager@gmail.com',NULL,'$2b$09$rkPG1PU.dZB.ejAF4kxEAucNoUAW1M6DN1QDLnd3Dh7x0i0jBP4bu',1,1,NULL),(2,'Hasitha','Jayaweeera','admin@gmail.com',NULL,'$2b$09$DOOm5MxJp.45pDjlEvmyGe90uhQElvYQ0Oh0aGSkCrUvTYaIgW.sq',1,2,NULL);
/*!40000 ALTER TABLE `authorizeduser` ENABLE KEYS */;
UNLOCK TABLES;
/*!50003 SET @saved_cs_client      = @@character_set_client */ ;
/*!50003 SET @saved_cs_results     = @@character_set_results */ ;
/*!50003 SET @saved_col_connection = @@collation_connection */ ;
/*!50003 SET character_set_client  = utf8mb4 */ ;
/*!50003 SET character_set_results = utf8mb4 */ ;
/*!50003 SET collation_connection  = utf8mb4_0900_ai_ci */ ;
/*!50003 SET @saved_sql_mode       = @@sql_mode */ ;
/*!50003 SET sql_mode              = 'STRICT_TRANS_TABLES,NO_ENGINE_SUBSTITUTION' */ ;
DELIMITER ;;
/*!50003 CREATE*/ /*!50017 DEFINER=`root`@`localhost`*/ /*!50003 TRIGGER `authorizeduser_after_update` AFTER UPDATE ON `authorizeduser` FOR EACH ROW BEGIN
    IF new.status=0 THEN
        Update userphone set status=0 where userphone.authUserID=userID;
    END IF;
    
END */;;
DELIMITER ;
/*!50003 SET sql_mode              = @saved_sql_mode */ ;
/*!50003 SET character_set_client  = @saved_cs_client */ ;
/*!50003 SET character_set_results = @saved_cs_results */ ;
/*!50003 SET collation_connection  = @saved_col_connection */ ;

--
-- Table structure for table `booking`
--

DROP TABLE IF EXISTS `booking`;
/*!40101 SET @saved_cs_client     = @@character_set_client */;
/*!50503 SET character_set_client = utf8mb4 */;
CREATE TABLE `booking` (
  `bookingID` int NOT NULL AUTO_INCREMENT,
  `registeredUserID` int DEFAULT NULL,
  `guestUserID` int DEFAULT NULL,
  `flightID` int DEFAULT NULL,
  `paymentStatus` tinyint DEFAULT NULL,
  `bookingTimeDate` datetime DEFAULT NULL,
  `classID` int DEFAULT NULL,
  `airCraftseatID` int DEFAULT NULL,
  `status` tinyint DEFAULT NULL,
  `discountID` int DEFAULT NULL,
  `under18` tinyint DEFAULT NULL,
  PRIMARY KEY (`bookingID`),
  UNIQUE KEY `uniqueconstraintbooking` (((case when (`status` = _utf8mb4'1') then `flightID` end)),((case when (`status` = _utf8mb4'1') then `airCraftseatID` end))),
  KEY `discountID` (`discountID`),
  KEY `airCraftseatID` (`airCraftseatID`),
  KEY `classID` (`classID`),
  KEY `flightID` (`flightID`),
  KEY `registeredUserID` (`registeredUserID`),
  KEY `guestUserID` (`guestUserID`),
  CONSTRAINT `booking_ibfk_1` FOREIGN KEY (`discountID`) REFERENCES `discount` (`discountID`),
  CONSTRAINT `booking_ibfk_2` FOREIGN KEY (`airCraftseatID`) REFERENCES `aircraftseat` (`airCraftseatID`),
  CONSTRAINT `booking_ibfk_3` FOREIGN KEY (`classID`) REFERENCES `class` (`classID`),
  CONSTRAINT `booking_ibfk_4` FOREIGN KEY (`flightID`) REFERENCES `flight` (`flightID`),
  CONSTRAINT `booking_ibfk_5` FOREIGN KEY (`registeredUserID`) REFERENCES `registeredcustomer` (`userID`),
  CONSTRAINT `booking_ibfk_6` FOREIGN KEY (`guestUserID`) REFERENCES `guest` (`userID`)
) ENGINE=InnoDB DEFAULT CHARSET=utf8mb4 COLLATE=utf8mb4_0900_ai_ci;
/*!40101 SET character_set_client = @saved_cs_client */;

--
-- Dumping data for table `booking`
--

LOCK TABLES `booking` WRITE;
/*!40000 ALTER TABLE `booking` DISABLE KEYS */;
INSERT INTO `booking` VALUES (1,1,NULL,1,0,'2022-08-16 07:14:47',1,2,0,1,1),(2,NULL,1,2,0,'2022-03-16 07:14:47',2,3,1,NULL,1),(3,1,NULL,2,0,'2022-05-16 07:14:47',1,1,0,2,0),(4,1,NULL,3,1,'2022-06-16 07:14:47',3,3,0,1,0),(5,NULL,2,4,1,'2022-07-16 07:14:47',1,4,0,2,1),(6,2,NULL,2,1,'2022-08-16 07:14:47',2,4,0,1,1),(7,4,NULL,3,1,'2022-07-17 07:14:47',1,2,0,1,0),(8,3,NULL,4,1,'2022-09-06 07:14:47',2,3,0,2,1),(9,5,NULL,5,1,'2022-08-16 07:14:47',3,4,0,2,1),(10,1,NULL,6,1,'2022-07-10 07:14:47',1,1,0,1,0),(11,2,NULL,2,1,'2022-07-16 07:16:47',1,2,0,2,0),(12,3,NULL,3,1,'2022-08-16 08:14:47',2,4,0,1,1),(13,4,NULL,4,1,'2022-08-16 08:14:47',3,2,0,2,0),(14,NULL,5,5,1,'2022-08-16 07:14:48',1,1,0,2,1),(15,NULL,3,6,1,'2022-07-16 09:14:47',1,2,0,1,0),(16,5,NULL,9,1,'2022-07-16 09:14:47',2,2,0,2,1);
/*!40000 ALTER TABLE `booking` ENABLE KEYS */;
UNLOCK TABLES;

--
-- Table structure for table `class`
--

DROP TABLE IF EXISTS `class`;
/*!40101 SET @saved_cs_client     = @@character_set_client */;
/*!50503 SET character_set_client = utf8mb4 */;
CREATE TABLE `class` (
  `classID` int NOT NULL AUTO_INCREMENT,
  `name` varchar(20) DEFAULT NULL,
  `status` tinyint DEFAULT NULL,
  PRIMARY KEY (`classID`)
) ENGINE=InnoDB AUTO_INCREMENT=4 DEFAULT CHARSET=utf8mb4 COLLATE=utf8mb4_0900_ai_ci;
/*!40101 SET character_set_client = @saved_cs_client */;

--
-- Dumping data for table `class`
--

LOCK TABLES `class` WRITE;
/*!40000 ALTER TABLE `class` DISABLE KEYS */;
INSERT INTO `class` VALUES (1,'Platinum',1),(2,'Business',1),(3,'Economy',1);
/*!40000 ALTER TABLE `class` ENABLE KEYS */;
UNLOCK TABLES;
/*!50003 SET @saved_cs_client      = @@character_set_client */ ;
/*!50003 SET @saved_cs_results     = @@character_set_results */ ;
/*!50003 SET @saved_col_connection = @@collation_connection */ ;
/*!50003 SET character_set_client  = utf8mb4 */ ;
/*!50003 SET character_set_results = utf8mb4 */ ;
/*!50003 SET collation_connection  = utf8mb4_0900_ai_ci */ ;
/*!50003 SET @saved_sql_mode       = @@sql_mode */ ;
/*!50003 SET sql_mode              = 'STRICT_TRANS_TABLES,NO_ENGINE_SUBSTITUTION' */ ;
DELIMITER ;;
/*!50003 CREATE*/ /*!50017 DEFINER=`root`@`localhost`*/ /*!50003 TRIGGER `class_after_update` AFTER UPDATE ON `class` FOR EACH ROW BEGIN
    IF new.status=0 THEN
        Update classprice set status=0 where classprice.classID=class.classID;
    END IF;
END */;;
DELIMITER ;
/*!50003 SET sql_mode              = @saved_sql_mode */ ;
/*!50003 SET character_set_client  = @saved_cs_client */ ;
/*!50003 SET character_set_results = @saved_cs_results */ ;
/*!50003 SET collation_connection  = @saved_col_connection */ ;

--
-- Table structure for table `classprice`
--

DROP TABLE IF EXISTS `classprice`;
/*!40101 SET @saved_cs_client     = @@character_set_client */;
/*!50503 SET character_set_client = utf8mb4 */;
CREATE TABLE `classprice` (
  `classPriceID` int NOT NULL AUTO_INCREMENT,
  `RouteID` int DEFAULT NULL,
  `classID` int DEFAULT NULL,
  `Price` decimal(8,2) DEFAULT NULL,
  `status` tinyint DEFAULT NULL,
  `startTimeDate` datetime DEFAULT NULL,
  `endTimeDate` datetime DEFAULT NULL,
  PRIMARY KEY (`classPriceID`),
  KEY `RouteID` (`RouteID`),
  KEY `classID` (`classID`),
  CONSTRAINT `classprice_ibfk_1` FOREIGN KEY (`RouteID`) REFERENCES `route` (`RouteID`),
  CONSTRAINT `classprice_ibfk_2` FOREIGN KEY (`classID`) REFERENCES `class` (`classID`)
) ENGINE=InnoDB AUTO_INCREMENT=12 DEFAULT CHARSET=utf8mb4 COLLATE=utf8mb4_0900_ai_ci;
/*!40101 SET character_set_client = @saved_cs_client */;

--
-- Dumping data for table `classprice`
--

LOCK TABLES `classprice` WRITE;
/*!40000 ALTER TABLE `classprice` DISABLE KEYS */;
INSERT INTO `classprice` VALUES (1,1,1,120000.00,1,'2022-08-29 03:09:47','2022-08-30 03:09:47'),(2,1,1,122000.00,1,'2022-08-30 03:09:47','2022-09-01 01:10:47'),(3,1,1,126000.00,1,'2022-09-01 01:10:47',NULL),(4,2,2,82000.00,1,'2022-10-01 03:09:03','2022-10-02 05:09:47'),(5,2,2,85000.00,1,'2022-10-02 05:09:47',NULL),(6,2,3,23000.00,1,'2022-10-03 03:45:47',NULL),(7,1,2,85000.00,1,'2022-08-29 03:09:47',NULL),(8,1,3,50000.00,1,'2022-07-29 03:09:47',NULL),(9,2,1,130000.00,1,'2022-07-30 03:09:47','2022-07-30 03:17:47'),(10,2,1,135000.00,1,'2022-07-30 03:10:47','2022-07-30 03:11:47'),(11,2,1,140000.00,1,'2022-07-30 03:11:47',NULL);
/*!40000 ALTER TABLE `classprice` ENABLE KEYS */;
UNLOCK TABLES;

--
-- Temporary view structure for view `destination_view`
--

DROP TABLE IF EXISTS `destination_view`;
/*!50001 DROP VIEW IF EXISTS `destination_view`*/;
SET @saved_cs_client     = @@character_set_client;
/*!50503 SET character_set_client = utf8mb4 */;
/*!50001 CREATE VIEW `destination_view` AS SELECT 
 1 AS `routeID`,
 1 AS `destinationID`,
 1 AS `airport_ID`,
 1 AS `destination_name`*/;
SET character_set_client = @saved_cs_client;

--
-- Table structure for table `discount`
--

DROP TABLE IF EXISTS `discount`;
/*!40101 SET @saved_cs_client     = @@character_set_client */;
/*!50503 SET character_set_client = utf8mb4 */;
CREATE TABLE `discount` (
  `discountID` int NOT NULL AUTO_INCREMENT,
  `discountClassType` varchar(20) NOT NULL,
  `amount` decimal(8,2) DEFAULT NULL,
  `status` tinyint DEFAULT NULL,
  `startTimeDate` datetime DEFAULT NULL,
  `endTimeDate` datetime DEFAULT NULL,
  PRIMARY KEY (`discountID`)
) ENGINE=InnoDB AUTO_INCREMENT=4 DEFAULT CHARSET=utf8mb4 COLLATE=utf8mb4_0900_ai_ci;
/*!40101 SET character_set_client = @saved_cs_client */;

--
-- Dumping data for table `discount`
--

LOCK TABLES `discount` WRITE;
/*!40000 ALTER TABLE `discount` DISABLE KEYS */;
INSERT INTO `discount` VALUES (0,'NO_DISCOUNT',0.00,1,'2022-10-16 05:14:47','2022-10-17 05:14:47'),(1,'FREQUENT',0.05,1,'2022-10-15 05:14:47','2022-10-17 05:14:47'),(2,'GOLDEN',0.09,1,'2022-10-16 05:14:47','2022-10-17 05:14:47');
/*!40000 ALTER TABLE `discount` ENABLE KEYS */;
UNLOCK TABLES;
/*!50003 SET @saved_cs_client      = @@character_set_client */ ;
/*!50003 SET @saved_cs_results     = @@character_set_results */ ;
/*!50003 SET @saved_col_connection = @@collation_connection */ ;
/*!50003 SET character_set_client  = utf8mb4 */ ;
/*!50003 SET character_set_results = utf8mb4 */ ;
/*!50003 SET collation_connection  = utf8mb4_0900_ai_ci */ ;
/*!50003 SET @saved_sql_mode       = @@sql_mode */ ;
/*!50003 SET sql_mode              = 'STRICT_TRANS_TABLES,NO_ENGINE_SUBSTITUTION' */ ;
DELIMITER ;;
/*!50003 CREATE*/ /*!50017 DEFINER=`root`@`localhost`*/ /*!50003 TRIGGER `discount_after_update` AFTER UPDATE ON `discount` FOR EACH ROW BEGIN
    IF new.status=0 THEN
        Update booking set status=0 where booking.discountID=discountID;
    END IF;
    
END */;;
DELIMITER ;
/*!50003 SET sql_mode              = @saved_sql_mode */ ;
/*!50003 SET character_set_client  = @saved_cs_client */ ;
/*!50003 SET character_set_results = @saved_cs_results */ ;
/*!50003 SET collation_connection  = @saved_col_connection */ ;

--
-- Table structure for table `flight`
--

DROP TABLE IF EXISTS `flight`;
/*!40101 SET @saved_cs_client     = @@character_set_client */;
/*!50503 SET character_set_client = utf8mb4 */;
CREATE TABLE `flight` (
  `flightID` int NOT NULL AUTO_INCREMENT,
  `staticFlightID` int DEFAULT NULL,
  `aircraftID` int DEFAULT NULL,
  `RouteID` int DEFAULT NULL,
  `status` tinyint DEFAULT NULL,
  PRIMARY KEY (`flightID`),
  KEY `aircraftID` (`aircraftID`),
  KEY `RouteID` (`RouteID`),
  KEY `staticFlightID` (`staticFlightID`),
  CONSTRAINT `flight_ibfk_1` FOREIGN KEY (`aircraftID`) REFERENCES `aircraft` (`aircraftID`),
  CONSTRAINT `flight_ibfk_2` FOREIGN KEY (`RouteID`) REFERENCES `route` (`RouteID`),
  CONSTRAINT `flight_ibfk_3` FOREIGN KEY (`staticFlightID`) REFERENCES `staticflight` (`staticFlightID`)
) ENGINE=InnoDB AUTO_INCREMENT=20 DEFAULT CHARSET=utf8mb4 COLLATE=utf8mb4_0900_ai_ci;
/*!40101 SET character_set_client = @saved_cs_client */;

--
-- Dumping data for table `flight`
--

LOCK TABLES `flight` WRITE;
/*!40000 ALTER TABLE `flight` DISABLE KEYS */;
INSERT INTO `flight` VALUES (1,NULL,3,1,0),(2,NULL,2,2,0),(3,NULL,3,3,0),(4,NULL,3,2,0),(5,NULL,4,1,0),(6,NULL,3,4,0),(7,NULL,5,5,0),(8,NULL,6,2,0),(9,NULL,2,3,0),(10,NULL,7,5,0),(11,NULL,8,2,0),(12,NULL,9,6,0),(13,NULL,10,7,0),(14,NULL,12,8,0),(15,NULL,12,9,0),(16,NULL,13,3,0),(17,NULL,8,2,0),(18,NULL,9,5,0),(19,NULL,5,6,0);
/*!40000 ALTER TABLE `flight` ENABLE KEYS */;
UNLOCK TABLES;
/*!50003 SET @saved_cs_client      = @@character_set_client */ ;
/*!50003 SET @saved_cs_results     = @@character_set_results */ ;
/*!50003 SET @saved_col_connection = @@collation_connection */ ;
/*!50003 SET character_set_client  = utf8mb4 */ ;
/*!50003 SET character_set_results = utf8mb4 */ ;
/*!50003 SET collation_connection  = utf8mb4_0900_ai_ci */ ;
/*!50003 SET @saved_sql_mode       = @@sql_mode */ ;
/*!50003 SET sql_mode              = 'STRICT_TRANS_TABLES,NO_ENGINE_SUBSTITUTION' */ ;
DELIMITER ;;
/*!50003 CREATE*/ /*!50017 DEFINER=`root`@`localhost`*/ /*!50003 TRIGGER `flight_after_update` AFTER UPDATE ON `flight` FOR EACH ROW BEGIN
    IF new.status=0 THEN
        Update flighttime set status=0 where flighttime.flightID=flightID;
    END IF;
    IF new.status=0 THEN
        Update booking set status=0 where booking.flightID=flightID;
    END IF;
    
END */;;
DELIMITER ;
/*!50003 SET sql_mode              = @saved_sql_mode */ ;
/*!50003 SET character_set_client  = @saved_cs_client */ ;
/*!50003 SET character_set_results = @saved_cs_results */ ;
/*!50003 SET collation_connection  = @saved_col_connection */ ;

--
-- Table structure for table `flighttime`
--

DROP TABLE IF EXISTS `flighttime`;
/*!40101 SET @saved_cs_client     = @@character_set_client */;
/*!50503 SET character_set_client = utf8mb4 */;
CREATE TABLE `flighttime` (
  `flightTimeID` int NOT NULL AUTO_INCREMENT,
  `flightID` int DEFAULT NULL,
  `dispatchTime` datetime DEFAULT NULL,
  `startTimeDate` datetime DEFAULT NULL,
  `status` tinyint DEFAULT NULL,
  `endTimeDate` datetime DEFAULT NULL,
  PRIMARY KEY (`flightTimeID`),
  KEY `flightID` (`flightID`),
  CONSTRAINT `flighttime_ibfk_1` FOREIGN KEY (`flightID`) REFERENCES `flight` (`flightID`)
) ENGINE=InnoDB AUTO_INCREMENT=23 DEFAULT CHARSET=utf8mb4 COLLATE=utf8mb4_0900_ai_ci;
/*!40101 SET character_set_client = @saved_cs_client */;

--
-- Dumping data for table `flighttime`
--

LOCK TABLES `flighttime` WRITE;
/*!40000 ALTER TABLE `flighttime` DISABLE KEYS */;
INSERT INTO `flighttime` VALUES (1,1,'2022-07-07 05:20:47','2022-07-07 03:09:47',0,'2022-07-07 05:15:47'),(2,1,'2022-07-07 05:25:47','2022-07-07 05:15:47',0,NULL),(3,2,'2022-05-01 05:15:47','2022-05-01 03:15:47',0,'2022-05-01 05:16:47'),(4,2,'2022-05-01 05:30:47','2022-05-01 05:16:47',0,NULL),(5,5,'2022-05-15 05:16:47','2022-05-15 04:16:47',0,NULL),(6,6,'2022-06-15 05:16:47','2022-06-15 05:10:47',0,'2022-06-15 05:12:47'),(7,6,'2022-06-15 05:20:47','2022-06-15 05:12:47',0,'2022-06-15 05:14:47'),(8,6,'2022-06-15 05:25:47','2022-06-15 05:14:47',0,NULL),(9,3,'2022-06-15 05:25:47','2022-06-14 05:25:47',0,'2022-06-15 05:23:47'),(10,3,'2022-06-15 05:26:47','2022-06-15 05:23:47',0,NULL),(11,4,'2022-06-14 05:26:47','2022-06-14 05:25:47',0,NULL),(12,16,'2022-06-14 05:25:47','2022-06-13 05:25:47',0,'2022-06-14 05:22:47'),(13,16,'2022-06-14 05:22:47','2022-06-14 05:20:47',0,NULL),(14,9,'2022-06-12 05:25:47','2022-06-12 02:25:47',0,NULL),(15,8,'2022-06-12 05:25:47','2022-06-10 05:25:47',0,NULL),(16,17,'2022-08-25 05:15:47','2022-07-03 05:15:47',0,NULL),(17,7,'2022-07-05 05:15:47','2022-07-05 05:10:47',0,'2022-07-05 05:17:47'),(18,7,'2022-07-05 05:20:47','2022-07-05 05:17:47',0,'2022-07-05 05:18:47'),(19,7,'2022-07-05 05:25:47','2022-07-05 05:18:47',0,'2022-07-05 05:20:47'),(20,7,'2022-07-05 05:26:47','2022-07-05 05:20:47',0,'2022-07-05 05:22:47'),(21,7,'2022-07-05 05:27:47','2022-07-05 05:22:47',0,NULL),(22,18,'2022-06-14 05:25:47','2022-06-13 05:25:47',0,NULL);
/*!40000 ALTER TABLE `flighttime` ENABLE KEYS */;
UNLOCK TABLES;

--
-- Table structure for table `guest`
--

DROP TABLE IF EXISTS `guest`;
/*!40101 SET @saved_cs_client     = @@character_set_client */;
/*!50503 SET character_set_client = utf8mb4 */;
CREATE TABLE `guest` (
  `userID` int NOT NULL AUTO_INCREMENT,
  `firstname` varchar(20) DEFAULT NULL,
  `lastname` varchar(20) DEFAULT NULL,
  `email` varchar(50) DEFAULT NULL,
  `address` varchar(255) DEFAULT NULL,
  `gender` tinyint DEFAULT NULL,
  `birthday` date DEFAULT NULL,
  PRIMARY KEY (`userID`)
) ENGINE=InnoDB AUTO_INCREMENT=25 DEFAULT CHARSET=utf8mb4 COLLATE=utf8mb4_0900_ai_ci;
/*!40101 SET character_set_client = @saved_cs_client */;

--
-- Dumping data for table `guest`
--

LOCK TABLES `guest` WRITE;
/*!40000 ALTER TABLE `guest` DISABLE KEYS */;
INSERT INTO `guest` VALUES (1,'Kalana','Rajaweera','kalana@gmail.com','fsdfd',1,'1999-08-29'),(2,'Monica','Jayawardana','monica@gmail.com','fdfsdf',0,'1999-10-12'),(3,'Vinul','Fernando','vinul@gmail.com','No77,boraluketiyawaththa,batagoda,galpatha',1,'1999-08-10'),(4,'Jayath','Idunil','jayath@gmail.com','No66,jayathmawatha',1,'1999-08-15'),(5,'Kalpani','Weerasuriya','kalpani@gmail.com','No13,udyanamawatha,kalyana',1,'1999-08-15'),(19,'patient','examiner','weeratharava@gmail.com','No77,BoraluketiyaWaththa,batagoda,galpatha',2,'1999-10-12'),(20,'patient','examiner','weeratharava@gmail.com','No77,BoraluketiyaWaththa,batagoda,galpatha',2,'1999-10-12'),(21,'Thushalya','Weerasuriya','weeratharava@gmail.com','No77,boralukerewaf',1,'1999-10-12'),(22,'Thush','weewe','weeratharava@gmail.com','sfsdfs',1,'1999-10-12'),(23,'patient','examiner','weeratharava@gmail.com','No77,boralukerewaf',0,'1999-10-12'),(24,'Ayesh','examiner','weeratharava@gmail.com','No77,boralukerewaf',1,'2001-01-04');
/*!40000 ALTER TABLE `guest` ENABLE KEYS */;
UNLOCK TABLES;

--
-- Table structure for table `level`
--

DROP TABLE IF EXISTS `level`;
/*!40101 SET @saved_cs_client     = @@character_set_client */;
/*!50503 SET character_set_client = utf8mb4 */;
CREATE TABLE `level` (
  `levelID` int NOT NULL AUTO_INCREMENT,
  `levelName` varchar(20) DEFAULT NULL,
  `levelrank` int DEFAULT NULL,
  `status` tinyint DEFAULT NULL,
  PRIMARY KEY (`levelID`)
) ENGINE=InnoDB AUTO_INCREMENT=9 DEFAULT CHARSET=utf8mb4 COLLATE=utf8mb4_0900_ai_ci;
/*!40101 SET character_set_client = @saved_cs_client */;

--
-- Dumping data for table `level`
--

LOCK TABLES `level` WRITE;
/*!40000 ALTER TABLE `level` DISABLE KEYS */;
INSERT INTO `level` VALUES (1,'City',2,1),(2,'District',3,1),(3,'Province',4,1),(4,'Country',5,1),(5,'Continent',6,1),(6,'State',1,1),(7,'Commune',0,1),(8,'Region',1,1);
/*!40000 ALTER TABLE `level` ENABLE KEYS */;
UNLOCK TABLES;
/*!50003 SET @saved_cs_client      = @@character_set_client */ ;
/*!50003 SET @saved_cs_results     = @@character_set_results */ ;
/*!50003 SET @saved_col_connection = @@collation_connection */ ;
/*!50003 SET character_set_client  = utf8mb4 */ ;
/*!50003 SET character_set_results = utf8mb4 */ ;
/*!50003 SET collation_connection  = utf8mb4_0900_ai_ci */ ;
/*!50003 SET @saved_sql_mode       = @@sql_mode */ ;
/*!50003 SET sql_mode              = 'STRICT_TRANS_TABLES,NO_ENGINE_SUBSTITUTION' */ ;
DELIMITER ;;
/*!50003 CREATE*/ /*!50017 DEFINER=`root`@`localhost`*/ /*!50003 TRIGGER `level_after_update` AFTER UPDATE ON `level` FOR EACH ROW BEGIN
    IF new.status=0 THEN
        Update airportleveldetail set status=0 where airportleveldetail.levelID=levelID;
    END IF;
END */;;
DELIMITER ;
/*!50003 SET sql_mode              = @saved_sql_mode */ ;
/*!50003 SET character_set_client  = @saved_cs_client */ ;
/*!50003 SET character_set_results = @saved_cs_results */ ;
/*!50003 SET collation_connection  = @saved_col_connection */ ;

--
-- Temporary view structure for view `origin_view`
--

DROP TABLE IF EXISTS `origin_view`;
/*!50001 DROP VIEW IF EXISTS `origin_view`*/;
SET @saved_cs_client     = @@character_set_client;
/*!50503 SET character_set_client = utf8mb4 */;
/*!50001 CREATE VIEW `origin_view` AS SELECT 
 1 AS `routeID`,
 1 AS `originID`,
 1 AS `airport_ID`,
 1 AS `origin_name`*/;
SET character_set_client = @saved_cs_client;

--
-- Table structure for table `registeredcustomer`
--

DROP TABLE IF EXISTS `registeredcustomer`;
/*!40101 SET @saved_cs_client     = @@character_set_client */;
/*!50503 SET character_set_client = utf8mb4 */;
CREATE TABLE `registeredcustomer` (
  `userID` int NOT NULL AUTO_INCREMENT,
  `firstname` varchar(20) DEFAULT NULL,
  `lastname` varchar(20) DEFAULT NULL,
  `email` varchar(50) DEFAULT NULL,
  `address` varchar(255) DEFAULT NULL,
  `password` varchar(70) DEFAULT NULL,
  `status` tinyint DEFAULT NULL,
  `image` varchar(255) DEFAULT NULL,
  `gender` tinyint DEFAULT NULL,
  `birthday` date DEFAULT NULL,
  PRIMARY KEY (`userID`)
) ENGINE=InnoDB AUTO_INCREMENT=10 DEFAULT CHARSET=utf8mb4 COLLATE=utf8mb4_0900_ai_ci;
/*!40101 SET character_set_client = @saved_cs_client */;

--
-- Dumping data for table `registeredcustomer`
--

LOCK TABLES `registeredcustomer` WRITE;
/*!40000 ALTER TABLE `registeredcustomer` DISABLE KEYS */;
INSERT INTO `registeredcustomer` VALUES (1,'Thushalya','weerasuriya','weeratharadva@gmail.com','No77,BoraluketiyaWaththa,batagoda,galpatha','$2b$09$3lJu/oSsl6Qr8GbnXY3V.uy0PWadJv3lqzhQsxAvtQ8.hUkODAl.K',NULL,'/src/images/Image-1656606186078.png',1,'1999-10-11'),(2,'Hasitha','Jayaweera','weeratharava@gmail.com','ffaf','$2b$09$UIwiWc3oxKs67bd8GtCZmetpFpDgqBQofsT8dpPaq22yRJr3xQiYe',NULL,NULL,0,'1999-10-12'),(3,'Pasfd','adooo','weeratharav@gmail.com','fsaff','$2b$09$mOFZlogZ60YNoVDil8tV2.7tUFV87IMYjTM0R2V/PJQHa01K9lk86',NULL,'/src/images/Image-1656603596538.jpeg',1,'1999-10-02'),(4,'Vinul','Fernando','weerathara@gmail.com','fdsfsdf','$2b$09$DeskUDQF9TMs8yq/EwJNRu.PjyXyNTlIdfLYI1vFFWdJWglldhY4a',NULL,NULL,1,'1999-10-12'),(5,'hhg','mama','weerathar@gmail.com','hello','$2b$09$P18zA37X9dwYYZX36xz3gufGfoI.tCIwezwiDTKcoxvbKSCPBcyby',NULL,'/src/images/Image-1656577933501.png',1,'1999-10-11'),(6,'Thushalya','weerasuriya','manager@gmail.com','dfsdf','$2b$09$r5dR9vhsWp8bmMOCoc7j8uNhbwCH0okxet5FY93S3IYBMnPOiPEj6',NULL,NULL,1,'1999-10-12'),(7,'vinul','Fernando','registercustomer@gmail.com','fdsf','$2b$09$yTv581ZeZskdE7TdFv8AgunVclgWzqVRX4qxiOKWI3ueH7/1zzlWm',NULL,NULL,0,'1999-10-12'),(8,'Amila','Aponzo','registercustomer1@gmail.com','fdf','$2b$09$4CMyk2z.cmFqliqJkdVkgO8A/M/GJKNztRusIonU5RzbG90qnaR6W',NULL,NULL,0,'1999-10-12'),(9,'Ravindu','Palansooriya','ravindu@gmail.com','fdfdfsd','$2b$09$Jaaw8mrc87gb9xDHmTvXM.N2I4A3zPbmb0WPMiJc5d0zkE0Fs3uPO',NULL,NULL,0,'1999-10-12');
/*!40000 ALTER TABLE `registeredcustomer` ENABLE KEYS */;
UNLOCK TABLES;
/*!50003 SET @saved_cs_client      = @@character_set_client */ ;
/*!50003 SET @saved_cs_results     = @@character_set_results */ ;
/*!50003 SET @saved_col_connection = @@collation_connection */ ;
/*!50003 SET character_set_client  = utf8mb4 */ ;
/*!50003 SET character_set_results = utf8mb4 */ ;
/*!50003 SET collation_connection  = utf8mb4_0900_ai_ci */ ;
/*!50003 SET @saved_sql_mode       = @@sql_mode */ ;
/*!50003 SET sql_mode              = 'STRICT_TRANS_TABLES,NO_ENGINE_SUBSTITUTION' */ ;
DELIMITER ;;
/*!50003 CREATE*/ /*!50017 DEFINER=`root`@`localhost`*/ /*!50003 TRIGGER `registeredcustomer_after_update` AFTER UPDATE ON `registeredcustomer` FOR EACH ROW BEGIN
    IF new.status=0 THEN
        Update booking set status=0 where booking.registeredUserID=userID;
    END IF;
    IF new.status=0 THEN
        Update userphone set status=0 where userphone.registeredUserID=userID;
    END IF;
    
END */;;
DELIMITER ;
/*!50003 SET sql_mode              = @saved_sql_mode */ ;
/*!50003 SET character_set_client  = @saved_cs_client */ ;
/*!50003 SET character_set_results = @saved_cs_results */ ;
/*!50003 SET collation_connection  = @saved_col_connection */ ;

--
-- Table structure for table `route`
--

DROP TABLE IF EXISTS `route`;
/*!40101 SET @saved_cs_client     = @@character_set_client */;
/*!50503 SET character_set_client = utf8mb4 */;
CREATE TABLE `route` (
  `RouteID` int NOT NULL AUTO_INCREMENT,
  `OriginID` int DEFAULT NULL,
  `DestinationID` int DEFAULT NULL,
  `status` tinyint DEFAULT NULL,
  PRIMARY KEY (`RouteID`),
  KEY `DestinationID` (`DestinationID`),
  KEY `OriginID` (`OriginID`),
  CONSTRAINT `route_ibfk_1` FOREIGN KEY (`DestinationID`) REFERENCES `airport` (`airport_id`),
  CONSTRAINT `route_ibfk_2` FOREIGN KEY (`OriginID`) REFERENCES `airport` (`airport_id`)
) ENGINE=InnoDB AUTO_INCREMENT=11 DEFAULT CHARSET=utf8mb4 COLLATE=utf8mb4_0900_ai_ci;
/*!40101 SET character_set_client = @saved_cs_client */;

--
-- Dumping data for table `route`
--

LOCK TABLES `route` WRITE;
/*!40000 ALTER TABLE `route` DISABLE KEYS */;
INSERT INTO `route` VALUES (1,1,2,1),(2,2,3,1),(3,4,5,1),(4,1,5,1),(5,6,7,1),(6,5,1,1),(7,7,3,1),(8,6,1,1),(9,2,8,1),(10,4,9,1);
/*!40000 ALTER TABLE `route` ENABLE KEYS */;
UNLOCK TABLES;
/*!50003 SET @saved_cs_client      = @@character_set_client */ ;
/*!50003 SET @saved_cs_results     = @@character_set_results */ ;
/*!50003 SET @saved_col_connection = @@collation_connection */ ;
/*!50003 SET character_set_client  = utf8mb4 */ ;
/*!50003 SET character_set_results = utf8mb4 */ ;
/*!50003 SET collation_connection  = utf8mb4_0900_ai_ci */ ;
/*!50003 SET @saved_sql_mode       = @@sql_mode */ ;
/*!50003 SET sql_mode              = 'STRICT_TRANS_TABLES,NO_ENGINE_SUBSTITUTION' */ ;
DELIMITER ;;
/*!50003 CREATE*/ /*!50017 DEFINER=`root`@`localhost`*/ /*!50003 TRIGGER `route_after_update` AFTER UPDATE ON `route` FOR EACH ROW BEGIN
    IF new.status=0 THEN
        Update classprice set status=0 where classprice.RouteID=RouteID;
    END IF;
    IF new.status=0 THEN
        Update flight set status=0 where flight.RouteID=RouteID;
    END IF;
    
END */;;
DELIMITER ;
/*!50003 SET sql_mode              = @saved_sql_mode */ ;
/*!50003 SET character_set_client  = @saved_cs_client */ ;
/*!50003 SET character_set_results = @saved_cs_results */ ;
/*!50003 SET collation_connection  = @saved_col_connection */ ;

--
-- Table structure for table `staticflight`
--

DROP TABLE IF EXISTS `staticflight`;
/*!40101 SET @saved_cs_client     = @@character_set_client */;
/*!50503 SET character_set_client = utf8mb4 */;
CREATE TABLE `staticflight` (
  `staticFlightID` int NOT NULL AUTO_INCREMENT,
  `aircraftID` int NOT NULL,
  `RouteID` int NOT NULL,
  `dispatchTime` time NOT NULL,
  `status` tinyint DEFAULT NULL,
  PRIMARY KEY (`staticFlightID`),
  KEY `aircraftID` (`aircraftID`),
  KEY `RouteID` (`RouteID`),
  CONSTRAINT `staticflight_ibfk_1` FOREIGN KEY (`aircraftID`) REFERENCES `aircraft` (`aircraftID`),
  CONSTRAINT `staticflight_ibfk_2` FOREIGN KEY (`RouteID`) REFERENCES `route` (`RouteID`)
) ENGINE=InnoDB AUTO_INCREMENT=12 DEFAULT CHARSET=utf8mb4 COLLATE=utf8mb4_0900_ai_ci;
/*!40101 SET character_set_client = @saved_cs_client */;

--
-- Dumping data for table `staticflight`
--

LOCK TABLES `staticflight` WRITE;
/*!40000 ALTER TABLE `staticflight` DISABLE KEYS */;
INSERT INTO `staticflight` VALUES (1,6,6,'20:00:00',1),(2,1,1,'20:54:00',1),(3,13,2,'20:55:00',1),(4,13,3,'12:53:00',1),(5,13,4,'23:53:00',1),(6,2,5,'23:53:00',1),(7,6,6,'12:53:00',1),(8,6,7,'20:59:00',1),(9,2,8,'23:55:00',1),(10,8,9,'20:59:00',1),(11,5,10,'20:58:00',1);
/*!40000 ALTER TABLE `staticflight` ENABLE KEYS */;
UNLOCK TABLES;

--
-- Table structure for table `userphone`
--

DROP TABLE IF EXISTS `userphone`;
/*!40101 SET @saved_cs_client     = @@character_set_client */;
/*!50503 SET character_set_client = utf8mb4 */;
CREATE TABLE `userphone` (
  `userPhoneID` int NOT NULL AUTO_INCREMENT,
  `registeredUserID` int DEFAULT NULL,
  `guestUserID` int DEFAULT NULL,
  `authUserID` int DEFAULT NULL,
  `status` tinyint DEFAULT NULL,
  `phoneNumber` varchar(15) DEFAULT NULL,
  PRIMARY KEY (`userPhoneID`),
  KEY `registeredUserID` (`registeredUserID`),
  KEY `guestUserID` (`guestUserID`),
  KEY `authUserID` (`authUserID`),
  CONSTRAINT `userphone_ibfk_1` FOREIGN KEY (`registeredUserID`) REFERENCES `registeredcustomer` (`userID`),
  CONSTRAINT `userphone_ibfk_2` FOREIGN KEY (`guestUserID`) REFERENCES `guest` (`userID`),
  CONSTRAINT `userphone_ibfk_3` FOREIGN KEY (`authUserID`) REFERENCES `authorizeduser` (`userID`)
) ENGINE=InnoDB AUTO_INCREMENT=11 DEFAULT CHARSET=utf8mb4 COLLATE=utf8mb4_0900_ai_ci;
/*!40101 SET character_set_client = @saved_cs_client */;

--
-- Dumping data for table `userphone`
--

LOCK TABLES `userphone` WRITE;
/*!40000 ALTER TABLE `userphone` DISABLE KEYS */;
INSERT INTO `userphone` VALUES (1,1,NULL,NULL,1,'0754365392'),(2,2,NULL,NULL,1,'0754365392'),(3,3,NULL,NULL,1,'0754365392'),(4,4,NULL,NULL,1,'0754365392'),(5,5,NULL,NULL,1,'0754365392'),(6,6,NULL,NULL,1,'0718148961'),(7,7,NULL,NULL,1,'0754365392'),(8,8,NULL,NULL,1,'0718148961'),(9,9,NULL,NULL,1,'0718148961'),(10,NULL,NULL,2,1,'0342251729');
/*!40000 ALTER TABLE `userphone` ENABLE KEYS */;
UNLOCK TABLES;

--
-- Dumping events for database 'bairways'
--

--
-- Dumping routines for database 'bairways'
--
/*!50003 DROP PROCEDURE IF EXISTS `classprice_Update_endtimedate_inserting_starttimedate` */;
/*!50003 SET @saved_cs_client      = @@character_set_client */ ;
/*!50003 SET @saved_cs_results     = @@character_set_results */ ;
/*!50003 SET @saved_col_connection = @@collation_connection */ ;
/*!50003 SET character_set_client  = utf8mb4 */ ;
/*!50003 SET character_set_results = utf8mb4 */ ;
/*!50003 SET collation_connection  = utf8mb4_0900_ai_ci */ ;
/*!50003 SET @saved_sql_mode       = @@sql_mode */ ;
/*!50003 SET sql_mode              = 'STRICT_TRANS_TABLES,NO_ENGINE_SUBSTITUTION' */ ;
DELIMITER ;;
CREATE DEFINER=`root`@`localhost` PROCEDURE `classprice_Update_endtimedate_inserting_starttimedate`(RouteID int, classID int,price DECIMAL(8,2), startTimeDate DATETIME)
BEGIN
start TRANSACTION;
		UPDATE classprice cp set endTimeDate=startTimeDate where cp.classID=classID and cp.RouteID=RouteID and endTimeDate is NUll;
		INSERT INTO classprice (RouteID,classID,price,status,startTimeDate,endTimeDate) values(RouteID,classID,price,1,startTimeDate,NULL);
	commit;

END ;;
DELIMITER ;
/*!50003 SET sql_mode              = @saved_sql_mode */ ;
/*!50003 SET character_set_client  = @saved_cs_client */ ;
/*!50003 SET character_set_results = @saved_cs_results */ ;
/*!50003 SET collation_connection  = @saved_col_connection */ ;
/*!50003 DROP PROCEDURE IF EXISTS `flighttime_Update_endtimedate_inserting_starttimedate` */;
/*!50003 SET @saved_cs_client      = @@character_set_client */ ;
/*!50003 SET @saved_cs_results     = @@character_set_results */ ;
/*!50003 SET @saved_col_connection = @@collation_connection */ ;
/*!50003 SET character_set_client  = utf8mb4 */ ;
/*!50003 SET character_set_results = utf8mb4 */ ;
/*!50003 SET collation_connection  = utf8mb4_0900_ai_ci */ ;
/*!50003 SET @saved_sql_mode       = @@sql_mode */ ;
/*!50003 SET sql_mode              = 'STRICT_TRANS_TABLES,NO_ENGINE_SUBSTITUTION' */ ;
DELIMITER ;;
CREATE DEFINER=`root`@`localhost` PROCEDURE `flighttime_Update_endtimedate_inserting_starttimedate`(flightID int, dispatchTime DATETIME, startTimeDate DATETIME)
BEGIN
	start TRANSACTION;
		UPDATE flighttime f set endTimeDate=startTimeDate where f.flightID=flightID and endTimeDate is NUll;
		INSERT INTO flighttime (flightID,dispatchTime,startTimeDate,status,endTimeDate) values(flightID,dispatchTime,startTimeDate,1,NULL);
	commit;

END ;;
DELIMITER ;
/*!50003 SET sql_mode              = @saved_sql_mode */ ;
/*!50003 SET character_set_client  = @saved_cs_client */ ;
/*!50003 SET character_set_results = @saved_cs_results */ ;
/*!50003 SET collation_connection  = @saved_col_connection */ ;
/*!50003 DROP PROCEDURE IF EXISTS `get_dicountID_for_a_userID` */;
/*!50003 SET @saved_cs_client      = @@character_set_client */ ;
/*!50003 SET @saved_cs_results     = @@character_set_results */ ;
/*!50003 SET @saved_col_connection = @@collation_connection */ ;
/*!50003 SET character_set_client  = utf8mb4 */ ;
/*!50003 SET character_set_results = utf8mb4 */ ;
/*!50003 SET collation_connection  = utf8mb4_0900_ai_ci */ ;
/*!50003 SET @saved_sql_mode       = @@sql_mode */ ;
/*!50003 SET sql_mode              = 'STRICT_TRANS_TABLES,NO_ENGINE_SUBSTITUTION' */ ;
DELIMITER ;;
CREATE DEFINER=`root`@`localhost` PROCEDURE `get_dicountID_for_a_userID`(IN userID int, OUT discountID_value int)
BEGIN
DECLARE totalBookings INT DEFAULT 0;
    DECLARE currentDateTime DATETIME DEFAULT now();
    DECLARE latestNoDiscountID INT DEFAULT 0;
    DECLARE latestFrequentID INT DEFAULT 0;
    DECLARE latestGoldenID INT DEFAULT 0;
   
    SELECT COUNT(*) INTO totalBookings
    FROM booking
    WHERE registeredUserID=userID AND paymentStatus=1;
   
    SELECT discountID INTO latestNoDiscountID
    FROM discount
    WHERE discountClassType="NO_DISCOUNT" AND
    currentDateTime BETWEEN startTimeDate AND endTimeDate
    AND status=1
    ORDER BY discountID DESC LIMIT 1;
   
    SELECT discountID INTO latestFrequentID
    FROM discount
    WHERE discountClassType="FREQUENT" AND
    currentDateTime BETWEEN startTimeDate AND endTimeDate
    AND status=1
    ORDER BY discountID DESC LIMIT 1;
   
    SELECT discountID INTO latestGoldenID
    FROM discount
    WHERE discountClassType="GOLDEN" AND
    currentDateTime BETWEEN startTimeDate AND endTimeDate
    AND status=1
    ORDER BY discountID DESC LIMIT 1;
   
    IF totalBookings >= 10 THEN
SET discountID_value = latestGoldenID;
ELSEIF totalBookings >= 5 THEN
SET discountID_value = latestFrequentID;
ELSE
SET discountID_value = latestNoDiscountID;
    END IF;    

END ;;
DELIMITER ;
/*!50003 SET sql_mode              = @saved_sql_mode */ ;
/*!50003 SET character_set_client  = @saved_cs_client */ ;
/*!50003 SET character_set_results = @saved_cs_results */ ;
/*!50003 SET collation_connection  = @saved_col_connection */ ;

--
-- Final view structure for view `destination_view`
--

/*!50001 DROP VIEW IF EXISTS `destination_view`*/;
/*!50001 SET @saved_cs_client          = @@character_set_client */;
/*!50001 SET @saved_cs_results         = @@character_set_results */;
/*!50001 SET @saved_col_connection     = @@collation_connection */;
/*!50001 SET character_set_client      = utf8mb4 */;
/*!50001 SET character_set_results     = utf8mb4 */;
/*!50001 SET collation_connection      = utf8mb4_0900_ai_ci */;
/*!50001 CREATE ALGORITHM=UNDEFINED */
/*!50013 DEFINER=`root`@`localhost` SQL SECURITY DEFINER */
/*!50001 VIEW `destination_view` AS select `route`.`RouteID` AS `routeID`,`route`.`DestinationID` AS `destinationID`,`airport`.`airport_id` AS `airport_ID`,`airport`.`name` AS `destination_name` from (`route` left join `airport` on((`route`.`DestinationID` = `airport`.`airport_id`))) */;
/*!50001 SET character_set_client      = @saved_cs_client */;
/*!50001 SET character_set_results     = @saved_cs_results */;
/*!50001 SET collation_connection      = @saved_col_connection */;

--
-- Final view structure for view `origin_view`
--

/*!50001 DROP VIEW IF EXISTS `origin_view`*/;
/*!50001 SET @saved_cs_client          = @@character_set_client */;
/*!50001 SET @saved_cs_results         = @@character_set_results */;
/*!50001 SET @saved_col_connection     = @@collation_connection */;
/*!50001 SET character_set_client      = utf8mb4 */;
/*!50001 SET character_set_results     = utf8mb4 */;
/*!50001 SET collation_connection      = utf8mb4_0900_ai_ci */;
/*!50001 CREATE ALGORITHM=UNDEFINED */
/*!50013 DEFINER=`root`@`localhost` SQL SECURITY DEFINER */
/*!50001 VIEW `origin_view` AS select `route`.`RouteID` AS `routeID`,`route`.`OriginID` AS `originID`,`airport`.`airport_id` AS `airport_ID`,`airport`.`name` AS `origin_name` from (`route` left join `airport` on((`route`.`OriginID` = `airport`.`airport_id`))) */;
/*!50001 SET character_set_client      = @saved_cs_client */;
/*!50001 SET character_set_results     = @saved_cs_results */;
/*!50001 SET collation_connection      = @saved_col_connection */;
/*!40103 SET TIME_ZONE=@OLD_TIME_ZONE */;

/*!40101 SET SQL_MODE=@OLD_SQL_MODE */;
/*!40014 SET FOREIGN_KEY_CHECKS=@OLD_FOREIGN_KEY_CHECKS */;
/*!40014 SET UNIQUE_CHECKS=@OLD_UNIQUE_CHECKS */;
/*!40101 SET CHARACTER_SET_CLIENT=@OLD_CHARACTER_SET_CLIENT */;
/*!40101 SET CHARACTER_SET_RESULTS=@OLD_CHARACTER_SET_RESULTS */;
/*!40101 SET COLLATION_CONNECTION=@OLD_COLLATION_CONNECTION */;
/*!40111 SET SQL_NOTES=@OLD_SQL_NOTES */;

-- Dump completed on 2022-07-07 21:34:26
